timestamp,search_type,split,model,config_id,fold,accuracy,precision_weighted,recall_weighted,f1_weighted,precision_macro,recall_macro,f1_macro,scam_recall,nonscam_recall,time_sec
2026-06-12 05:11:14,random_search,80/10/10,CNN,4,1,0.9761,0.9761,0.9761,0.9761,0.9758,0.976,0.9759,0.9747,0.9772,37.78
2026-06-12 05:11:50,random_search,80/10/10,CNN,4,2,0.9738,0.9738,0.9738,0.9738,0.9738,0.9732,0.9735,0.9673,0.9791,35.85
2026-06-12 05:12:27,random_search,80/10/10,CNN,4,3,0.9734,0.9734,0.9734,0.9734,0.9736,0.9726,0.9731,0.9649,0.9803,37.51
2026-06-12 05:14:50,random_search,80/10/10,CNN,5,1,0.9776,0.9776,0.9776,0.9776,0.9775,0.9773,0.9774,0.9743,0.9803,93.67
2026-06-12 05:16:18,random_search,80/10/10,CNN,5,1,0.9728,0.9728,0.9728,0.9728,0.9721,0.973,0.9725,0.9758,0.9702,107.96
2026-06-12 05:16:37,random_search,80/10/10,CNN,5,2,0.9727,0.9727,0.9727,0.9727,0.9725,0.9722,0.9724,0.9679,0.9766,107.64
2026-06-12 05:17:59,random_search,80/10/10,CNN,5,2,0.9732,0.9732,0.9732,0.9731,0.9734,0.9724,0.9729,0.9646,0.9802,100.52
2026-06-12 05:18:52,random_search,80/10/10,CNN,5,3,0.9746,0.9746,0.9746,0.9746,0.9743,0.9744,0.9744,0.9724,0.9764,135.05
2026-06-12 05:19:33,random_search,80/10/10,CNN,5,3,0.9731,0.9732,0.9731,0.9731,0.9724,0.9734,0.9729,0.9762,0.9706,94.12
2026-06-12 05:22:53,random_search,80/10/10,CNN,5,1,0.9728,0.9728,0.9728,0.9728,0.9721,0.973,0.9725,0.9758,0.9702,85.66
2026-06-12 05:24:09,random_search,80/10/10,CNN,6,1,0.9745,0.9745,0.9745,0.9745,0.974,0.9745,0.9742,0.9753,0.9738,147.02
2026-06-12 05:24:19,random_search,80/10/10,CNN,5,2,0.9732,0.9732,0.9732,0.9731,0.9734,0.9724,0.9729,0.9646,0.9802,86.11
2026-06-12 05:24:22,random_search,80/10/10,CNN,6,1,0.9736,0.9736,0.9736,0.9736,0.9734,0.9733,0.9734,0.9703,0.9764,120.68
2026-06-12 05:25:53,random_search,80/10/10,CNN,5,3,0.9731,0.9732,0.9731,0.9731,0.9724,0.9734,0.9729,0.9762,0.9706,93.73
2026-06-12 05:25:53,random_search,80/10/10,CNN,6,2,0.9684,0.9684,0.9684,0.9684,0.9685,0.9677,0.9681,0.9603,0.975,91.48
2026-06-12 05:26:52,random_search,80/10/10,CNN,6,2,0.9713,0.9713,0.9713,0.9713,0.971,0.971,0.971,0.9686,0.9735,162.79
2026-06-12 05:28:01,random_search,80/10/10,CNN,6,3,0.9721,0.9721,0.9721,0.972,0.972,0.9715,0.9718,0.966,0.977,127.68
2026-06-12 05:28:51,random_search,80/10/10,CNN,6,3,0.9719,0.972,0.9719,0.972,0.9714,0.972,0.9717,0.9728,0.9713,119.51
2026-06-12 05:29:25,random_search,80/10/10,CNN,6,1,0.9736,0.9736,0.9736,0.9736,0.9734,0.9733,0.9734,0.9703,0.9764,88.04
2026-06-12 05:30:37,random_search,80/10/10,CNN,6,2,0.9684,0.9684,0.9684,0.9684,0.9685,0.9677,0.9681,0.9603,0.975,71.92
2026-06-12 05:31:06,random_search,80/10/10,CNN,7,1,0.9762,0.9762,0.9762,0.9762,0.9755,0.9764,0.976,0.9791,0.9737,65.3
2026-06-12 05:32:18,random_search,80/10/10,CNN,7,2,0.9744,0.9744,0.9744,0.9743,0.9746,0.9736,0.9741,0.9662,0.981,72.24
2026-06-12 05:32:22,random_search,80/10/10,CNN,7,1,0.9755,0.9757,0.9755,0.9755,0.9748,0.976,0.9753,0.9805,0.9715,80.74
2026-06-12 05:32:31,random_search,80/10/10,CNN,6,3,0.9721,0.9721,0.9721,0.972,0.972,0.9715,0.9718,0.966,0.977,114.76
2026-06-12 05:33:39,random_search,80/10/10,CNN,7,3,0.9733,0.9734,0.9733,0.9732,0.9739,0.9722,0.973,0.9608,0.9835,80.25
2026-06-12 05:33:40,random_search,80/10/10,CNN,7,2,0.975,0.975,0.975,0.975,0.9751,0.9744,0.9747,0.9682,0.9806,78.09
2026-06-12 05:35:07,random_search,80/10/10,CNN,7,3,0.9725,0.9726,0.9725,0.9725,0.9728,0.9718,0.9723,0.9642,0.9794,86.87
2026-06-12 05:36:05,random_search,80/10/10,CNN,7,1,0.9762,0.9762,0.9762,0.9762,0.9755,0.9764,0.976,0.9791,0.9737,86.25
2026-06-12 05:37:21,random_search,80/10/10,CNN,7,2,0.9744,0.9744,0.9744,0.9743,0.9746,0.9736,0.9741,0.9662,0.981,75.35
2026-06-12 05:38:20,random_search,80/10/10,CNN,8,1,0.9753,0.9753,0.9753,0.9753,0.9752,0.975,0.9751,0.9716,0.9784,132.83
2026-06-12 05:38:36,random_search,80/10/10,CNN,7,3,0.9733,0.9734,0.9733,0.9732,0.9739,0.9722,0.973,0.9608,0.9835,75.81
2026-06-12 05:39:41,random_search,80/10/10,CNN,8,1,0.9741,0.9741,0.9741,0.9741,0.9735,0.9742,0.9738,0.9759,0.9726,124.95
2026-06-12 05:40:32,random_search,80/10/10,CNN,8,2,0.9723,0.9723,0.9723,0.9723,0.9724,0.9717,0.9721,0.9656,0.9779,132.12
2026-06-12 05:41:28,random_search,80/10/10,CNN,8,2,0.9709,0.9709,0.9709,0.9709,0.9707,0.9705,0.9706,0.9662,0.9747,107.56
2026-06-12 05:42:31,random_search,80/10/10,CNN,8,3,0.9721,0.9721,0.9721,0.9721,0.9721,0.9715,0.9718,0.9653,0.9777,119.55
2026-06-12 05:42:58,random_search,80/10/10,CNN,8,1,0.9753,0.9753,0.9753,0.9753,0.9752,0.975,0.9751,0.9716,0.9784,120.7
2026-06-12 05:43:45,random_search,80/10/10,CNN,8,3,0.9735,0.9735,0.9735,0.9735,0.9734,0.9731,0.9732,0.9688,0.9774,136.87
2026-06-12 05:45:02,random_search,80/10/10,CNN,8,2,0.9723,0.9723,0.9723,0.9723,0.9724,0.9717,0.9721,0.9656,0.9779,123.52
2026-06-12 05:46:01,random_search,80/10/10,MLP,1,1,0.9698,0.9698,0.9698,0.9698,0.9694,0.9696,0.9695,0.9676,0.9716,60.28
2026-06-12 05:46:35,random_search,80/10/10,CNN,8,3,0.9721,0.9721,0.9721,0.9721,0.9721,0.9715,0.9718,0.9653,0.9777,93.79
2026-06-12 05:46:39,random_search,80/10/10,MLP,1,2,0.9688,0.9687,0.9688,0.9687,0.9687,0.9681,0.9684,0.962,0.9743,37.96
2026-06-12 05:46:47,random_search,80/10/10,MLP,1,1,0.9702,0.9702,0.9702,0.9702,0.9699,0.9699,0.9699,0.9669,0.9728,38.6
2026-06-12 05:47:21,random_search,80/10/10,MLP,1,3,0.9672,0.9673,0.9672,0.9672,0.9665,0.9674,0.9669,0.9698,0.9651,42.4
2026-06-12 05:47:28,random_search,80/10/10,MLP,1,2,0.967,0.967,0.967,0.967,0.9667,0.9668,0.9667,0.9637,0.9698,41.69
2026-06-12 05:48:12,random_search,80/10/10,MLP,1,3,0.9686,0.9686,0.9686,0.9686,0.9684,0.9683,0.9683,0.9651,0.9715,44.14
2026-06-12 05:48:51,random_search,80/10/10,MLP,1,1,0.9698,0.9698,0.9698,0.9698,0.9694,0.9696,0.9695,0.9676,0.9716,37.21
2026-06-12 05:49:42,random_search,80/10/10,MLP,1,2,0.9688,0.9687,0.9688,0.9687,0.9687,0.9681,0.9684,0.962,0.9743,51.22
2026-06-12 05:50:43,random_search,80/10/10,MLP,1,3,0.9672,0.9673,0.9672,0.9672,0.9665,0.9674,0.9669,0.9698,0.9651,61.37
2026-06-12 05:51:19,random_search,80/10/10,MLP,2,1,0.9749,0.9751,0.9749,0.9749,0.9742,0.9754,0.9747,0.9799,0.9708,172.27
2026-06-12 05:52:10,random_search,80/10/10,MLP,2,1,0.9756,0.9756,0.9756,0.9756,0.9753,0.9754,0.9753,0.9733,0.9774,176.21
2026-06-12 05:54:39,random_search,80/10/10,MLP,2,2,0.9748,0.9748,0.9748,0.9748,0.9746,0.9745,0.9745,0.9718,0.9772,199.51
2026-06-12 05:55:43,random_search,80/10/10,MLP,2,2,0.9748,0.9748,0.9748,0.9748,0.9747,0.9743,0.9745,0.9696,0.979,212.35
2026-06-12 05:57:12,random_search,80/10/10,MLP,2,1,0.9749,0.9751,0.9749,0.9749,0.9742,0.9754,0.9747,0.9799,0.9708,258.66
2026-06-12 05:58:13,random_search,80/10/10,MLP,2,3,0.9741,0.9742,0.9741,0.9742,0.9736,0.9742,0.9739,0.9752,0.9733,214.15
2026-06-12 05:59:12,random_search,80/10/10,MLP,2,3,0.9737,0.9738,0.9737,0.9737,0.9732,0.9738,0.9735,0.9742,0.9733,209.64
2026-06-12 06:01:40,random_search,80/10/10,MLP,2,2,0.9748,0.9748,0.9748,0.9748,0.9746,0.9745,0.9745,0.9718,0.9772,268.06
2026-06-12 06:04:51,random_search,80/10/10,MLP,2,3,0.9741,0.9742,0.9741,0.9742,0.9736,0.9742,0.9739,0.9752,0.9733,191.34
2026-06-12 06:04:51,random_search,80/10/10,MLP,3,1,0.9707,0.9707,0.9707,0.9707,0.9701,0.9708,0.9704,0.972,0.9696,89.93
2026-06-12 06:05:09,random_search,80/10/10,MLP,3,1,0.9702,0.9703,0.9702,0.9702,0.9694,0.9706,0.97,0.9745,0.9667,54.46
2026-06-12 06:06:04,random_search,80/10/10,MLP,3,2,0.9683,0.9683,0.9683,0.9683,0.9681,0.9678,0.968,0.9629,0.9727,72.55
2026-06-12 06:06:11,random_search,80/10/10,MLP,3,2,0.9671,0.9671,0.9671,0.9671,0.9671,0.9664,0.9667,0.9591,0.9737,61.64
2026-06-12 06:07:16,random_search,80/10/10,MLP,3,3,0.9683,0.9683,0.9683,0.9683,0.9675,0.9685,0.968,0.971,0.966,65.65
2026-06-12 06:07:20,random_search,80/10/10,MLP,3,3,0.9707,0.9707,0.9707,0.9707,0.9705,0.9702,0.9704,0.9657,0.9748,76.21
2026-06-12 06:08:09,random_search,80/10/10,MLP,3,1,0.9707,0.9707,0.9707,0.9707,0.9701,0.9708,0.9704,0.972,0.9696,38.33
2026-06-12 06:08:42,random_search,80/10/10,MLP,4,1,0.9681,0.9682,0.9681,0.9681,0.9673,0.9684,0.9678,0.972,0.9649,35.17
2026-06-12 06:08:44,random_search,80/10/10,MLP,3,2,0.9683,0.9683,0.9683,0.9683,0.9681,0.9678,0.968,0.9629,0.9727,34.41
2026-06-12 06:08:45,random_search,80/10/10,MLP,4,1,0.9683,0.9683,0.9683,0.9683,0.9677,0.9683,0.968,0.9688,0.9678,34.92
2026-06-12 06:09:17,random_search,80/10/10,MLP,4,2,0.9674,0.9674,0.9674,0.9674,0.9676,0.9667,0.9671,0.9588,0.9745,34.48
2026-06-12 06:09:19,random_search,80/10/10,MLP,3,3,0.9707,0.9707,0.9707,0.9707,0.9705,0.9702,0.9704,0.9657,0.9748,34.83
2026-06-12 06:09:21,random_search,80/10/10,MLP,4,2,0.9695,0.9695,0.9695,0.9695,0.9696,0.9689,0.9692,0.962,0.9757,35.79
2026-06-12 06:09:50,random_search,80/10/10,MLP,4,3,0.9678,0.9678,0.9678,0.9678,0.9675,0.9676,0.9675,0.9651,0.97,32.88
2026-06-12 06:09:57,random_search,80/10/10,MLP,4,3,0.9674,0.9674,0.9674,0.9674,0.9673,0.9668,0.967,0.9613,0.9724,35.62
2026-06-12 06:10:42,random_search,80/10/10,MLP,4,1,0.9683,0.9683,0.9683,0.9683,0.9677,0.9683,0.968,0.9688,0.9678,39.9
2026-06-12 06:11:11,random_search,80/10/10,MLP,5,1,0.9716,0.9716,0.9716,0.9716,0.971,0.9716,0.9713,0.9718,0.9714,39.33
2026-06-12 06:11:17,random_search,80/10/10,MLP,5,1,0.9702,0.9702,0.9702,0.9702,0.9695,0.9704,0.9699,0.9726,0.9682,38.38
2026-06-12 06:11:20,random_search,80/10/10,MLP,4,2,0.9695,0.9695,0.9695,0.9695,0.9696,0.9689,0.9692,0.962,0.9757,37.07
2026-06-12 06:11:43,random_search,80/10/10,MLP,5,2,0.9687,0.9687,0.9687,0.9687,0.9684,0.9684,0.9684,0.9656,0.9712,32.13
2026-06-12 06:11:55,random_search,80/10/10,MLP,4,3,0.9674,0.9674,0.9674,0.9674,0.9673,0.9668,0.967,0.9613,0.9724,35.11
2026-06-12 06:11:56,random_search,80/10/10,MLP,5,2,0.9698,0.9698,0.9698,0.9698,0.9694,0.9695,0.9695,0.9672,0.9719,38.59
2026-06-12 06:12:24,random_search,80/10/10,MLP,5,3,0.9693,0.9693,0.9693,0.9693,0.9691,0.969,0.969,0.9653,0.9726,40.98
2026-06-12 06:12:36,random_search,80/10/10,MLP,5,3,0.9703,0.9703,0.9703,0.9703,0.9698,0.9702,0.97,0.9692,0.9711,39.9
2026-06-12 06:13:14,random_search,80/10/10,MLP,5,1,0.9702,0.9702,0.9702,0.9702,0.9695,0.9704,0.9699,0.9726,0.9682,38.06
2026-06-12 06:14:31,random_search,80/10/10,MLP,5,2,0.9698,0.9698,0.9698,0.9698,0.9694,0.9695,0.9695,0.9672,0.9719,77.12
2026-06-12 06:15:45,random_search,80/10/10,MLP,5,3,0.9703,0.9703,0.9703,0.9703,0.9698,0.9702,0.97,0.9692,0.9711,74.19
2026-06-12 06:16:09,random_search,80/10/10,MLP,6,1,0.9759,0.9759,0.9759,0.9759,0.9755,0.9759,0.9757,0.9759,0.9759,180.07
2026-06-12 06:16:30,random_search,80/10/10,MLP,6,1,0.9765,0.9765,0.9765,0.9765,0.9764,0.9762,0.9763,0.9728,0.9795,185.16
2026-06-12 06:19:36,random_search,80/10/10,MLP,6,2,0.9746,0.9746,0.9746,0.9746,0.9743,0.9744,0.9743,0.9722,0.9765,207.37
2026-06-12 06:20:36,random_search,80/10/10,MLP,6,1,0.9765,0.9765,0.9765,0.9765,0.9764,0.9762,0.9763,0.9728,0.9795,225.52
2026-06-12 06:20:43,random_search,80/10/10,MLP,6,2,0.975,0.975,0.975,0.975,0.975,0.9745,0.9747,0.9699,0.9792,252.83
2026-06-12 06:23:20,random_search,80/10/10,MLP,6,3,0.9743,0.9743,0.9743,0.9742,0.9744,0.9736,0.974,0.9667,0.9805,223.34
2026-06-12 06:24:09,random_search,80/10/10,MLP,6,3,0.9697,0.97,0.9697,0.9697,0.9686,0.9705,0.9694,0.9791,0.9619,206.02
2026-06-12 06:24:13,random_search,80/10/10,MLP,6,2,0.975,0.975,0.975,0.975,0.975,0.9745,0.9747,0.9699,0.9792,217.46
2026-06-12 06:27:37,random_search,80/10/10,MLP,6,3,0.9697,0.97,0.9697,0.9697,0.9686,0.9705,0.9694,0.9791,0.9619,203.88
2026-06-12 06:29:46,random_search,80/10/10,MLP,7,1,0.9717,0.9717,0.9717,0.9717,0.9713,0.9716,0.9714,0.9704,0.9728,96.77
2026-06-12 06:30:32,random_search,80/10/10,MLP,7,1,0.9742,0.9742,0.9742,0.9742,0.9739,0.974,0.974,0.9722,0.9759,78.97
2026-06-12 06:30:59,random_search,80/10/10,MLP,7,2,0.9736,0.9736,0.9736,0.9736,0.9734,0.9732,0.9733,0.9695,0.9769,72.93
2026-06-12 06:31:46,random_search,80/10/10,MLP,7,2,0.9732,0.9732,0.9732,0.9732,0.9732,0.9726,0.9729,0.9669,0.9784,74.05
2026-06-12 06:32:04,random_search,80/10/10,MLP,7,3,0.9735,0.9736,0.9735,0.9736,0.973,0.9736,0.9733,0.9745,0.9728,64.32
2026-06-12 06:32:46,random_search,80/10/10,MLP,7,1,0.9742,0.9742,0.9742,0.9742,0.9739,0.974,0.974,0.9722,0.9759,64.45
2026-06-12 06:32:47,random_search,80/10/10,MLP,7,3,0.973,0.9731,0.973,0.973,0.9727,0.9728,0.9728,0.9707,0.975,60.82
2026-06-12 06:33:45,random_search,80/10/10,MLP,7,2,0.9732,0.9732,0.9732,0.9732,0.9732,0.9726,0.9729,0.9669,0.9784,58.72
2026-06-12 06:34:18,random_search,80/10/10,MLP,8,1,0.9686,0.9689,0.9686,0.9686,0.9676,0.9693,0.9684,0.9763,0.9623,75.82
2026-06-12 06:34:44,random_search,80/10/10,MLP,7,3,0.973,0.9731,0.973,0.973,0.9727,0.9728,0.9728,0.9707,0.975,58.5
2026-06-12 06:35:01,random_search,80/10/10,MLP,8,1,0.9692,0.9692,0.9692,0.9692,0.9692,0.9687,0.9689,0.963,0.9743,68.69
2026-06-12 06:35:32,random_search,80/10/10,MLP,8,2,0.9681,0.9681,0.9681,0.9681,0.9679,0.9678,0.9678,0.9644,0.9712,74.81
2026-06-12 06:36:09,random_search,80/10/10,MLP,8,2,0.969,0.969,0.969,0.969,0.969,0.9685,0.9687,0.9625,0.9744,67.12
2026-06-12 06:36:41,random_search,80/10/10,MLP,8,3,0.9657,0.9661,0.9657,0.9657,0.9646,0.9666,0.9654,0.976,0.9572,69.04
2026-06-12 06:36:47,random_search,80/10/10,MLP,8,1,0.9692,0.9692,0.9692,0.9692,0.9692,0.9687,0.9689,0.963,0.9743,64.66
2026-06-12 06:37:10,random_search,80/10/10,MLP,8,3,0.966,0.9663,0.966,0.966,0.965,0.9667,0.9658,0.9743,0.9592,61.39
2026-06-12 06:37:54,random_search,80/10/10,MLP,8,2,0.969,0.969,0.969,0.969,0.969,0.9685,0.9687,0.9625,0.9744,66.73
2026-06-12 06:40:06,random_search,80/10/10,MLP,8,3,0.966,0.9663,0.966,0.966,0.965,0.9667,0.9658,0.9743,0.9592,132.1
2026-06-12 06:40:24,random_search,70/15/15,CNN,1,1,0.9734,0.9734,0.9734,0.9734,0.973,0.9733,0.9731,0.9727,0.974,145.09
2026-06-12 06:41:25,random_search,70/15/15,CNN,1,1,0.9722,0.9722,0.9722,0.9722,0.9725,0.9714,0.9719,0.9633,0.9795,161.34
2026-06-12 06:43:17,random_search,70/15/15,CNN,1,2,0.9746,0.9747,0.9746,0.9746,0.9741,0.9747,0.9744,0.9752,0.9742,173.16
2026-06-12 06:44:33,random_search,70/15/15,CNN,1,2,0.9742,0.9742,0.9742,0.9742,0.9738,0.9741,0.974,0.9736,0.9747,188.29
2026-06-12 06:46:15,random_search,70/15/15,CNN,1,1,0.9722,0.9722,0.9722,0.9722,0.9725,0.9714,0.9719,0.9633,0.9795,208.1
2026-06-12 06:46:48,random_search,70/15/15,CNN,1,3,0.9753,0.9754,0.9753,0.9753,0.9759,0.9743,0.975,0.9639,0.9846,211.03
2026-06-12 06:47:10,random_search,70/15/15,CNN,1,3,0.9714,0.9714,0.9714,0.9714,0.9718,0.9705,0.9711,0.9609,0.98,156.4
2026-06-12 06:49:48,random_search,70/15/15,CNN,1,2,0.9742,0.9742,0.9742,0.9742,0.9738,0.9741,0.974,0.9736,0.9747,213.27
2026-06-12 06:51:59,random_search,70/15/15,CNN,1,3,0.9714,0.9714,0.9714,0.9714,0.9718,0.9705,0.9711,0.9609,0.98,131.4
2026-06-12 06:52:14,random_search,70/15/15,CNN,2,1,0.9711,0.9712,0.9711,0.9711,0.9704,0.9714,0.9709,0.9745,0.9683,104.09
2026-06-12 06:52:41,random_search,70/15/15,CNN,2,1,0.9687,0.9688,0.9687,0.9687,0.9681,0.9688,0.9684,0.9693,0.9682,59.23
2026-06-12 06:53:24,random_search,70/15/15,CNN,2,2,0.9701,0.9701,0.9701,0.9701,0.9699,0.9697,0.9698,0.9662,0.9733,70.24
2026-06-12 06:53:52,random_search,70/15/15,CNN,2,2,0.9715,0.9715,0.9715,0.9715,0.9711,0.9714,0.9712,0.9699,0.9729,70.26
2026-06-12 06:54:35,random_search,70/15/15,CNN,2,3,0.9707,0.9707,0.9707,0.9707,0.9704,0.9704,0.9704,0.9677,0.9731,70.84
2026-06-12 06:54:48,random_search,70/15/15,CNN,2,3,0.9702,0.9702,0.9702,0.9702,0.9702,0.9695,0.9699,0.9629,0.9761,56.76
2026-06-12 06:55:38,random_search,70/15/15,CNN,2,1,0.9687,0.9688,0.9687,0.9687,0.9681,0.9688,0.9684,0.9693,0.9682,53.8
2026-06-12 06:56:36,random_search,70/15/15,CNN,2,2,0.9715,0.9715,0.9715,0.9715,0.9711,0.9714,0.9712,0.9699,0.9729,57.94
2026-06-12 06:56:54,random_search,70/15/15,CNN,3,1,0.971,0.971,0.971,0.971,0.9706,0.9708,0.9707,0.9693,0.9723,76.48
2026-06-12 06:56:59,random_search,70/15/15,CNN,3,1,0.97,0.97,0.97,0.97,0.9694,0.97,0.9697,0.9702,0.9698,75.3
2026-06-12 06:57:38,random_search,70/15/15,CNN,2,3,0.9702,0.9702,0.9702,0.9702,0.9702,0.9695,0.9699,0.9629,0.9761,62.43
2026-06-12 06:58:10,random_search,70/15/15,CNN,3,2,0.9719,0.9719,0.9719,0.9719,0.9718,0.9714,0.9716,0.9668,0.976,76.32
2026-06-12 06:58:14,random_search,70/15/15,CNN,3,2,0.9723,0.9723,0.9723,0.9723,0.9725,0.9716,0.972,0.964,0.9791,75.33
2026-06-12 06:59:33,random_search,70/15/15,CNN,3,3,0.9718,0.9718,0.9718,0.9718,0.9717,0.9715,0.9716,0.9676,0.9753,83.56
2026-06-12 06:59:41,random_search,70/15/15,CNN,3,3,0.9736,0.9736,0.9736,0.9736,0.9731,0.9737,0.9733,0.9745,0.9729,87.03
2026-06-12 07:00:19,random_search,70/15/15,CNN,3,1,0.97,0.97,0.97,0.97,0.9694,0.97,0.9697,0.9702,0.9698,91.21
2026-06-12 07:01:54,random_search,70/15/15,CNN,3,2,0.9723,0.9723,0.9723,0.9723,0.9725,0.9716,0.972,0.964,0.9791,94.99
2026-06-12 07:02:50,random_search,70/15/15,CNN,4,1,0.9724,0.9726,0.9724,0.9724,0.9715,0.973,0.9722,0.9787,0.9672,75.74
2026-06-12 07:03:13,random_search,70/15/15,CNN,3,3,0.9736,0.9736,0.9736,0.9736,0.9731,0.9737,0.9733,0.9745,0.9729,79.3
2026-06-12 07:03:20,random_search,70/15/15,CNN,4,1,0.9731,0.9732,0.9731,0.9731,0.9724,0.9734,0.9729,0.9766,0.9702,67.07
2026-06-12 07:04:05,random_search,70/15/15,CNN,4,2,0.9748,0.9749,0.9748,0.9748,0.9743,0.9749,0.9746,0.9759,0.974,75.16
2026-06-12 07:04:29,random_search,70/15/15,CNN,4,2,0.9734,0.9734,0.9734,0.9734,0.9738,0.9725,0.9731,0.9629,0.982,69.04
2026-06-12 07:05:23,random_search,70/15/15,CNN,4,3,0.9758,0.9758,0.9758,0.9758,0.9758,0.9753,0.9756,0.9704,0.9803,77.09
2026-06-12 07:05:36,random_search,70/15/15,CNN,4,3,0.9751,0.9751,0.9751,0.9751,0.9752,0.9746,0.9749,0.969,0.9802,66.82
2026-06-12 07:06:39,random_search,70/15/15,CNN,4,1,0.9731,0.9732,0.9731,0.9731,0.9724,0.9734,0.9729,0.9766,0.9702,76.73
2026-06-12 07:08:07,random_search,70/15/15,CNN,4,2,0.9734,0.9734,0.9734,0.9734,0.9738,0.9725,0.9731,0.9629,0.982,87.99
2026-06-12 07:08:46,random_search,70/15/15,CNN,5,1,0.9711,0.9711,0.9711,0.9711,0.9706,0.971,0.9708,0.9703,0.9717,113.01
2026-06-12 07:09:32,random_search,70/15/15,CNN,5,1,0.974,0.974,0.974,0.974,0.9738,0.9738,0.9738,0.9714,0.9762,154.3
2026-06-12 07:09:34,random_search,70/15/15,CNN,4,3,0.9751,0.9751,0.9751,0.9751,0.9752,0.9746,0.9749,0.969,0.9802,86.89
2026-06-12 07:10:37,random_search,70/15/15,CNN,5,2,0.9731,0.9731,0.9731,0.9731,0.9735,0.9722,0.9728,0.9626,0.9817,110.99
2026-06-12 07:11:17,random_search,70/15/15,CNN,5,2,0.9737,0.9737,0.9737,0.9737,0.9739,0.973,0.9734,0.9657,0.9803,104.71
2026-06-12 07:13:15,random_search,70/15/15,CNN,5,3,0.9776,0.9776,0.9776,0.9776,0.9776,0.9771,0.9773,0.9723,0.9819,157.98
2026-06-12 07:13:17,random_search,70/15/15,CNN,5,3,0.9731,0.9731,0.9731,0.9731,0.9733,0.9724,0.9728,0.965,0.9797,120.15
2026-06-12 07:15:03,random_search,70/15/15,CNN,5,1,0.974,0.974,0.974,0.974,0.9738,0.9738,0.9738,0.9714,0.9762,183.04
2026-06-12 07:17:04,random_search,70/15/15,CNN,5,2,0.9737,0.9737,0.9737,0.9737,0.9739,0.973,0.9734,0.9657,0.9803,121.26
2026-06-12 07:18:05,random_search,70/15/15,CNN,6,1,0.9692,0.9695,0.9692,0.9692,0.9682,0.97,0.969,0.9786,0.9615,119.99
2026-06-12 07:18:19,random_search,70/15/15,CNN,5,3,0.9731,0.9731,0.9731,0.9731,0.9733,0.9724,0.9728,0.965,0.9797,74.94
2026-06-12 07:18:24,random_search,70/15/15,CNN,6,1,0.9708,0.9708,0.9708,0.9708,0.9703,0.9708,0.9705,0.9706,0.9709,128.04
2026-06-12 07:20:15,random_search,70/15/15,CNN,6,2,0.9716,0.9716,0.9716,0.9716,0.9712,0.9715,0.9714,0.9701,0.9729,129.56
2026-06-12 07:20:25,random_search,70/15/15,CNN,6,2,0.9712,0.9712,0.9712,0.9712,0.9714,0.9705,0.9709,0.9631,0.9779,121.03
2026-06-12 07:21:15,random_search,70/15/15,CNN,6,1,0.9692,0.9695,0.9692,0.9692,0.9682,0.97,0.969,0.9786,0.9615,70.61
2026-06-12 07:21:37,random_search,70/15/15,CNN,6,3,0.9726,0.9726,0.9726,0.9726,0.9725,0.9721,0.9723,0.9672,0.9771,82.32
2026-06-12 07:21:58,random_search,70/15/15,CNN,6,3,0.972,0.972,0.972,0.972,0.9717,0.9717,0.9717,0.9688,0.9746,92.62
2026-06-12 07:22:48,random_search,70/15/15,CNN,6,2,0.9716,0.9716,0.9716,0.9716,0.9712,0.9715,0.9714,0.9701,0.9729,92.69
2026-06-12 07:24:25,random_search,70/15/15,CNN,6,3,0.9726,0.9726,0.9726,0.9726,0.9725,0.9721,0.9723,0.9672,0.9771,96.82
2026-06-12 07:24:42,random_search,70/15/15,CNN,7,1,0.9722,0.9722,0.9722,0.9722,0.9715,0.9724,0.9719,0.9749,0.9699,75.55
2026-06-12 07:24:51,random_search,70/15/15,CNN,7,1,0.9733,0.9734,0.9733,0.9733,0.9725,0.9736,0.973,0.9773,0.9699,68.34
2026-06-12 07:26:00,random_search,70/15/15,CNN,7,2,0.9743,0.9743,0.9743,0.9743,0.9742,0.9739,0.9741,0.9694,0.9783,77.93
2026-06-12 07:26:02,random_search,70/15/15,CNN,7,2,0.9745,0.9745,0.9745,0.9745,0.9743,0.9742,0.9742,0.9712,0.9771,71.01
2026-06-12 07:27:14,random_search,70/15/15,CNN,7,3,0.9749,0.975,0.9749,0.9749,0.9755,0.9739,0.9746,0.9635,0.9843,72.02
2026-06-12 07:27:15,random_search,70/15/15,CNN,7,3,0.9764,0.9764,0.9764,0.9764,0.9769,0.9755,0.9761,0.9661,0.9848,74.85
2026-06-12 07:28:26,random_search,70/15/15,CNN,7,1,0.9733,0.9734,0.9733,0.9733,0.9725,0.9736,0.973,0.9773,0.9699,91.73
2026-06-12 07:29:46,random_search,70/15/15,CNN,7,2,0.9745,0.9745,0.9745,0.9745,0.9743,0.9742,0.9742,0.9712,0.9771,79.8
2026-06-12 07:30:29,random_search,70/15/15,CNN,8,1,0.9713,0.9713,0.9713,0.9713,0.971,0.9711,0.971,0.9688,0.9734,97.74
2026-06-12 07:30:58,random_search,70/15/15,CNN,8,1,0.9708,0.9709,0.9708,0.9708,0.9702,0.9709,0.9706,0.9718,0.97,96.35
2026-06-12 07:31:06,random_search,70/15/15,CNN,7,3,0.9749,0.975,0.9749,0.9749,0.9755,0.9739,0.9746,0.9635,0.9843,80.03
2026-06-12 07:32:10,random_search,70/15/15,CNN,8,2,0.9724,0.9724,0.9724,0.9724,0.9722,0.972,0.9721,0.9678,0.9761,101.16
2026-06-12 07:32:42,random_search,70/15/15,CNN,8,2,0.9717,0.9717,0.9717,0.9717,0.9714,0.9715,0.9714,0.9689,0.974,103.7
2026-06-12 07:33:54,random_search,70/15/15,CNN,8,3,0.972,0.9721,0.972,0.972,0.9726,0.9709,0.9717,0.9595,0.9822,104.64
2026-06-12 07:34:29,random_search,70/15/15,CNN,8,3,0.9725,0.9726,0.9725,0.9725,0.9731,0.9715,0.9722,0.9605,0.9824,107.21
2026-06-12 07:35:05,random_search,70/15/15,CNN,8,1,0.9713,0.9713,0.9713,0.9713,0.971,0.9711,0.971,0.9688,0.9734,129.0
2026-06-12 07:36:53,random_search,70/15/15,MLP,1,1,0.9646,0.9647,0.9646,0.9646,0.9638,0.9649,0.9643,0.9681,0.9618,46.07
2026-06-12 07:36:54,random_search,70/15/15,CNN,8,2,0.9724,0.9724,0.9724,0.9724,0.9722,0.972,0.9721,0.9678,0.9761,109.04
2026-06-12 07:37:23,random_search,70/15/15,MLP,1,1,0.9656,0.9657,0.9656,0.9656,0.9649,0.9658,0.9653,0.9677,0.9638,40.28
2026-06-12 07:37:30,random_search,70/15/15,MLP,1,2,0.9682,0.9682,0.9682,0.9682,0.9683,0.9674,0.9678,0.9596,0.9752,37.28
2026-06-12 07:38:09,random_search,70/15/15,MLP,1,3,0.9657,0.9658,0.9657,0.9656,0.9663,0.9644,0.9653,0.9518,0.9771,38.8
2026-06-12 07:38:10,random_search,70/15/15,MLP,1,2,0.9701,0.9701,0.9701,0.9701,0.9698,0.9699,0.9698,0.9675,0.9722,46.82
2026-06-12 07:38:10,random_search,70/15/15,CNN,8,3,0.972,0.9721,0.972,0.972,0.9726,0.9709,0.9717,0.9595,0.9822,76.09
2026-06-12 07:38:50,random_search,70/15/15,MLP,1,3,0.9658,0.966,0.9658,0.9657,0.9669,0.9642,0.9654,0.9475,0.9808,40.28
2026-06-12 07:41:15,random_search,70/15/15,MLP,2,1,0.9721,0.9721,0.9721,0.9721,0.9719,0.9718,0.9719,0.969,0.9747,137.6
2026-06-12 07:41:35,random_search,70/15/15,MLP,1,1,0.9646,0.9647,0.9646,0.9646,0.9638,0.9649,0.9643,0.9681,0.9618,68.68
2026-06-12 07:42:40,random_search,70/15/15,MLP,2,1,0.972,0.972,0.972,0.972,0.9717,0.9717,0.9717,0.9688,0.9746,153.71
2026-06-12 07:42:44,random_search,70/15/15,MLP,1,2,0.9682,0.9682,0.9682,0.9682,0.9683,0.9674,0.9678,0.9596,0.9752,69.42
2026-06-12 07:43:51,random_search,70/15/15,MLP,1,3,0.9657,0.9658,0.9657,0.9656,0.9663,0.9644,0.9653,0.9518,0.9771,66.92
2026-06-12 07:43:51,random_search,70/15/15,MLP,2,2,0.9748,0.9749,0.9748,0.9748,0.9744,0.9749,0.9746,0.9751,0.9746,156.36
2026-06-12 07:45:23,random_search,70/15/15,MLP,2,2,0.9745,0.9745,0.9745,0.9745,0.974,0.9745,0.9742,0.9748,0.9742,162.98
2026-06-12 07:47:22,random_search,70/15/15,MLP,2,3,0.9753,0.9753,0.9753,0.9753,0.9757,0.9744,0.975,0.9653,0.9835,210.84
2026-06-12 07:48:16,random_search,70/15/15,MLP,2,1,0.9721,0.9721,0.9721,0.9721,0.9719,0.9718,0.9719,0.969,0.9747,182.58
2026-06-12 07:48:32,random_search,70/15/15,MLP,2,3,0.975,0.975,0.975,0.975,0.975,0.9744,0.9747,0.9685,0.9803,188.86
2026-06-12 07:52:06,random_search,70/15/15,MLP,2,2,0.9748,0.9749,0.9748,0.9748,0.9744,0.9749,0.9746,0.9751,0.9746,230.4
2026-06-12 07:53:03,random_search,70/15/15,MLP,3,1,0.9658,0.9659,0.9658,0.9658,0.965,0.9661,0.9655,0.9692,0.963,65.25
2026-06-12 07:53:46,random_search,70/15/15,MLP,3,1,0.9662,0.9662,0.9662,0.9662,0.9658,0.966,0.9659,0.9641,0.9679,54.65
2026-06-12 07:53:57,random_search,70/15/15,MLP,3,2,0.9674,0.9674,0.9674,0.9674,0.9667,0.9675,0.9671,0.9686,0.9663,54.04
2026-06-12 07:54:17,random_search,70/15/15,MLP,2,3,0.9753,0.9753,0.9753,0.9753,0.9757,0.9744,0.975,0.9653,0.9835,130.22
2026-06-12 07:54:38,random_search,70/15/15,MLP,3,2,0.9711,0.9711,0.9711,0.9711,0.9706,0.9711,0.9708,0.9706,0.9715,51.39
2026-06-12 07:54:47,random_search,70/15/15,MLP,3,3,0.9681,0.9681,0.9681,0.968,0.9683,0.9672,0.9677,0.9579,0.9764,50.56
2026-06-12 07:55:36,random_search,70/15/15,MLP,3,3,0.9701,0.9701,0.9701,0.9701,0.9697,0.97,0.9698,0.9689,0.9711,58.05
2026-06-12 07:56:55,random_search,70/15/15,MLP,4,1,0.9649,0.965,0.9649,0.9649,0.9641,0.9652,0.9646,0.9688,0.9617,57.45
2026-06-12 07:57:18,random_search,70/15/15,MLP,4,1,0.9663,0.9664,0.9663,0.9663,0.9657,0.9664,0.966,0.9676,0.9652,44.49
2026-06-12 07:57:27,random_search,70/15/15,MLP,4,2,0.9692,0.9693,0.9692,0.9692,0.9694,0.9685,0.9689,0.9606,0.9763,32.19
2026-06-12 07:57:32,random_search,70/15/15,MLP,3,1,0.9658,0.9659,0.9658,0.9658,0.965,0.9661,0.9655,0.9692,0.963,35.73
2026-06-12 07:57:54,random_search,70/15/15,MLP,4,2,0.9708,0.9708,0.9708,0.9708,0.9704,0.9707,0.9705,0.9696,0.9717,36.0
2026-06-12 07:58:05,random_search,70/15/15,MLP,4,3,0.9687,0.9689,0.9687,0.9687,0.9697,0.9673,0.9683,0.9524,0.9821,37.93
2026-06-12 07:58:07,random_search,70/15/15,MLP,3,2,0.9674,0.9674,0.9674,0.9674,0.9667,0.9675,0.9671,0.9686,0.9663,35.58
2026-06-12 07:58:28,random_search,70/15/15,MLP,4,3,0.9654,0.9654,0.9654,0.9654,0.9656,0.9646,0.9651,0.9561,0.9731,33.97
2026-06-12 07:58:43,random_search,70/15/15,MLP,3,3,0.9681,0.9681,0.9681,0.968,0.9683,0.9672,0.9677,0.9579,0.9764,36.1
2026-06-12 07:59:20,random_search,70/15/15,MLP,5,1,0.9669,0.9669,0.9669,0.9669,0.9665,0.9668,0.9666,0.9654,0.9682,36.66
2026-06-12 07:59:49,random_search,70/15/15,MLP,5,1,0.9661,0.9661,0.9661,0.9661,0.9657,0.9658,0.9658,0.9635,0.9682,37.4
2026-06-12 07:59:54,random_search,70/15/15,MLP,5,2,0.9711,0.9712,0.9711,0.9712,0.9707,0.9711,0.9709,0.9703,0.9718,34.34
2026-06-12 08:00:02,random_search,70/15/15,MLP,4,1,0.9649,0.965,0.9649,0.9649,0.9641,0.9652,0.9646,0.9688,0.9617,33.2
2026-06-12 08:00:29,random_search,70/15/15,MLP,5,2,0.97,0.9701,0.97,0.9701,0.9696,0.97,0.9698,0.9692,0.9708,40.1
2026-06-12 08:00:29,random_search,70/15/15,MLP,5,3,0.9679,0.9679,0.9679,0.9679,0.9682,0.967,0.9675,0.9574,0.9766,35.04
2026-06-12 08:00:30,random_search,70/15/15,MLP,4,2,0.9692,0.9693,0.9692,0.9692,0.9694,0.9685,0.9689,0.9606,0.9763,27.9
2026-06-12 08:01:06,random_search,70/15/15,MLP,4,3,0.9687,0.9689,0.9687,0.9687,0.9697,0.9673,0.9683,0.9524,0.9821,36.18
2026-06-12 08:01:06,random_search,70/15/15,MLP,5,3,0.9698,0.9698,0.9698,0.9698,0.9698,0.9691,0.9695,0.9628,0.9755,37.26
2026-06-12 08:03:04,random_search,70/15/15,MLP,6,1,0.9726,0.9727,0.9726,0.9727,0.9722,0.9727,0.9724,0.9727,0.9726,117.88
2026-06-12 08:03:33,random_search,70/15/15,MLP,5,1,0.9669,0.9669,0.9669,0.9669,0.9665,0.9668,0.9666,0.9654,0.9682,78.9
2026-06-12 08:04:54,random_search,70/15/15,MLP,6,1,0.9725,0.9725,0.9725,0.9725,0.9725,0.972,0.9722,0.9672,0.9769,150.64
2026-06-12 08:04:56,random_search,70/15/15,MLP,5,2,0.9711,0.9712,0.9711,0.9712,0.9707,0.9711,0.9709,0.9703,0.9718,83.51
2026-06-12 08:05:30,random_search,70/15/15,MLP,6,2,0.9752,0.9753,0.9752,0.9753,0.9747,0.9753,0.975,0.9761,0.9746,145.66
2026-06-12 08:06:33,random_search,70/15/15,MLP,5,3,0.9679,0.9679,0.9679,0.9679,0.9682,0.967,0.9675,0.9574,0.9766,96.75
2026-06-12 08:07:24,random_search,70/15/15,MLP,6,2,0.9741,0.9742,0.9741,0.9741,0.9738,0.974,0.9739,0.972,0.9759,150.04
2026-06-12 08:07:26,random_search,70/15/15,MLP,6,3,0.9708,0.9708,0.9708,0.9708,0.9703,0.9708,0.9706,0.9707,0.9709,115.76
2026-06-12 08:10:29,random_search,70/15/15,MLP,6,3,0.9709,0.9709,0.9709,0.9709,0.9712,0.97,0.9706,0.9611,0.9789,185.04
2026-06-12 08:10:54,random_search,70/15/15,MLP,6,1,0.9726,0.9727,0.9726,0.9727,0.9722,0.9727,0.9724,0.9727,0.9726,187.11
2026-06-12 08:12:13,random_search,70/15/15,MLP,7,1,0.9711,0.9711,0.9711,0.9711,0.9705,0.9712,0.9708,0.9725,0.9699,93.34
2026-06-12 08:13:41,random_search,70/15/15,MLP,6,2,0.9752,0.9753,0.9752,0.9753,0.9747,0.9753,0.975,0.9761,0.9746,166.21
2026-06-12 08:13:41,random_search,70/15/15,MLP,7,2,0.9724,0.9725,0.9724,0.9724,0.9728,0.9716,0.9721,0.9627,0.9805,88.0
2026-06-12 08:15:03,random_search,70/15/15,MLP,7,3,0.9736,0.9736,0.9736,0.9736,0.974,0.9726,0.9733,0.963,0.9822,81.64
2026-06-12 08:15:32,random_search,70/15/15,MLP,6,3,0.9708,0.9708,0.9708,0.9708,0.9703,0.9708,0.9706,0.9707,0.9709,111.31
2026-06-12 08:15:43,random_search,70/15/15,MLP,7,1,0.9698,0.9699,0.9698,0.9699,0.9693,0.9698,0.9696,0.9696,0.97,75.52
2026-06-12 08:17:04,random_search,70/15/15,MLP,7,2,0.9725,0.9726,0.9725,0.9725,0.9717,0.9729,0.9723,0.9771,0.9687,80.35
2026-06-12 08:17:54,random_search,70/15/15,MLP,7,3,0.9689,0.9689,0.9689,0.9689,0.9689,0.9682,0.9686,0.9619,0.9746,50.46
2026-06-12 08:18:03,random_search,70/15/15,MLP,8,1,0.9663,0.9664,0.9663,0.9663,0.9655,0.9666,0.966,0.9696,0.9636,83.28
2026-06-12 08:18:42,random_search,70/15/15,MLP,7,1,0.9711,0.9711,0.9711,0.9711,0.9705,0.9712,0.9708,0.9725,0.9699,50.13
2026-06-12 08:19:05,random_search,70/15/15,MLP,8,2,0.9689,0.9689,0.9689,0.9689,0.9686,0.9685,0.9686,0.9651,0.972,61.35
2026-06-12 08:19:31,random_search,70/15/15,MLP,7,2,0.9724,0.9725,0.9724,0.9724,0.9728,0.9716,0.9721,0.9627,0.9805,48.11
2026-06-12 08:20:00,random_search,70/15/15,MLP,8,1,0.9675,0.9675,0.9675,0.9675,0.9669,0.9675,0.9672,0.9675,0.9674,56.22
2026-06-12 08:20:04,random_search,70/15/15,MLP,8,3,0.9666,0.9666,0.9666,0.9666,0.9667,0.9659,0.9663,0.9582,0.9736,59.34
2026-06-12 08:20:15,random_search,70/15/15,MLP,7,3,0.9736,0.9736,0.9736,0.9736,0.974,0.9726,0.9733,0.963,0.9822,44.46
2026-06-12 08:21:04,random_search,70/15/15,MLP,8,2,0.9689,0.9691,0.9689,0.9689,0.9681,0.9694,0.9687,0.9742,0.9646,64.53
2026-06-12 08:22:19,random_search,70/15/15,MLP,8,3,0.969,0.9691,0.969,0.969,0.9694,0.968,0.9686,0.9574,0.9786,74.49
2026-06-12 08:22:43,random_search,70/15/15,MLP,8,1,0.9663,0.9664,0.9663,0.9663,0.9655,0.9666,0.966,0.9696,0.9636,86.4
2026-06-12 08:24:29,random_search,70/15/15,MLP,8,2,0.9689,0.9689,0.9689,0.9689,0.9686,0.9685,0.9686,0.9651,0.972,106.41
2026-06-12 08:26:16,random_search,70/15/15,MLP,8,3,0.9666,0.9666,0.9666,0.9666,0.9667,0.9659,0.9663,0.9582,0.9736,107.11
