timestamp,search_type,split,model,config_id,embedding_dim,filters,kernel_size,dense_units,dropout_rate,learning_rate,batch_size,num_epochs,cv_accuracy_mean,cv_accuracy_std,cv_f1_weighted_mean,cv_f1_weighted_std,cv_f1_macro_mean,cv_f1_macro_std,cv_scam_recall_mean,cv_scam_recall_std,cv_nonscam_recall_mean,cv_nonscam_recall_std,test_accuracy,test_precision_weighted,test_recall_weighted,test_f1_weighted,test_precision_macro,test_recall_macro,test_f1_macro,test_scam_recall,test_nonscam_recall,time_sec,status
2026-06-12 05:04:52,random_search,80/10/10,CNN,1,128,32,5,128,0.3,0.0005,32,10,0.9749,0.0009,0.9749,0.0009,0.9747,0.0008,0.9718,0.0019,0.9775,0.0007,0.9739,0.9739,0.9739,0.9739,0.9738,0.9735,0.9736,0.9694,0.9776,407.52,completed
2026-06-12 05:06:47,random_search,80/10/10,CNN,2,32,128,5,128,0.3,0.001,64,10,0.972,0.0016,0.972,0.0016,0.9717,0.0016,0.9678,0.0024,0.9754,0.003,0.973,0.9731,0.973,0.973,0.9724,0.9732,0.9728,0.9746,0.9717,115.48,completed
2026-06-12 05:10:36,random_search,80/10/10,CNN,3,64,64,5,64,0.2,0.001,32,10,0.9738,0.0032,0.9738,0.0032,0.9735,0.0032,0.9716,0.0053,0.9756,0.0063,0.9749,0.9749,0.9749,0.9749,0.9747,0.9746,0.9747,0.9717,0.9776,228.49,completed
2026-06-12 05:13:16,random_search,80/10/10,CNN,4,64,64,3,128,0.5,0.0005,64,10,0.9744,0.0015,0.9744,0.0015,0.9742,0.0015,0.969,0.0051,0.9789,0.0016,0.9748,0.975,0.9748,0.9748,0.9757,0.9735,0.9745,0.9606,0.9865,159.89,completed
2026-06-12 05:21:42,random_search,80/10/10,CNN,5,128,128,5,64,0.3,0.001,64,10,0.975,0.0025,0.975,0.0025,0.9747,0.0025,0.9715,0.0033,0.9778,0.0022,0.9768,0.9769,0.9768,0.9768,0.9762,0.9771,0.9766,0.9803,0.9739,506.09,completed
2026-06-12 05:22:21,random_search,80/10/10,CNN,5,128,128,5,64,0.3,0.001,64,10,0.973,0.0002,0.973,0.0002,0.9728,0.0002,0.9722,0.0066,0.9737,0.0057,0.9746,0.9748,0.9746,0.9746,0.9738,0.9751,0.9744,0.9799,0.9703,470.77,completed
2026-06-12 05:27:57,random_search,80/10/10,CNN,5,128,128,5,64,0.3,0.001,64,10,0.973,0.0002,0.973,0.0002,0.9728,0.0002,0.9722,0.0066,0.9737,0.0057,0.9746,0.9748,0.9746,0.9746,0.9738,0.9751,0.9744,0.9799,0.9703,389.19,completed
2026-06-12 05:30:01,random_search,80/10/10,CNN,6,32,128,5,128,0.3,0.0005,32,10,0.9714,0.0027,0.9713,0.0027,0.9711,0.0027,0.9655,0.005,0.9761,0.001,0.9748,0.9748,0.9748,0.9748,0.9744,0.9748,0.9746,0.9742,0.9753,459.66,completed
2026-06-12 05:31:01,random_search,80/10/10,CNN,6,32,128,5,128,0.3,0.0005,32,10,0.9726,0.0017,0.9726,0.0017,0.9723,0.0017,0.9722,0.0034,0.9729,0.0014,0.9755,0.9755,0.9755,0.9755,0.9754,0.9751,0.9752,0.971,0.9791,559.24,completed
2026-06-12 05:34:39,random_search,80/10/10,CNN,6,32,128,5,128,0.3,0.0005,32,10,0.9714,0.0027,0.9713,0.0027,0.9711,0.0027,0.9655,0.005,0.9761,0.001,0.9748,0.9748,0.9748,0.9748,0.9744,0.9748,0.9746,0.9742,0.9753,402.26,completed
2026-06-12 05:36:07,random_search,80/10/10,CNN,7,64,128,3,128,0.2,0.0005,64,10,0.9746,0.0015,0.9746,0.0015,0.9744,0.0015,0.9687,0.0094,0.9794,0.0051,0.9759,0.976,0.9759,0.9758,0.9767,0.9746,0.9756,0.9618,0.9874,365.9,completed
2026-06-12 05:37:36,random_search,80/10/10,CNN,7,64,128,3,128,0.2,0.0005,64,10,0.9743,0.0016,0.9743,0.0016,0.9741,0.0016,0.971,0.0085,0.9772,0.0049,0.9765,0.9766,0.9765,0.9765,0.9769,0.9757,0.9763,0.9668,0.9845,394.31,completed
2026-06-12 05:40:57,random_search,80/10/10,CNN,7,64,128,3,128,0.2,0.0005,64,10,0.9746,0.0015,0.9746,0.0015,0.9744,0.0015,0.9687,0.0094,0.9794,0.0051,0.9759,0.976,0.9759,0.9758,0.9767,0.9746,0.9756,0.9618,0.9874,378.13,completed
2026-06-12 05:45:01,random_search,80/10/10,CNN,8,64,32,5,64,0.2,0.0005,32,10,0.9732,0.0018,0.9732,0.0018,0.973,0.0018,0.9675,0.0036,0.978,0.0004,0.9754,0.9754,0.9754,0.9754,0.9755,0.9748,0.9751,0.9689,0.9807,533.82,completed
2026-06-12 05:46:08,random_search,80/10/10,CNN,8,64,32,5,64,0.2,0.0005,32,10,0.9728,0.0017,0.9728,0.0017,0.9725,0.0017,0.9703,0.005,0.9749,0.0024,0.9742,0.9744,0.9742,0.9742,0.975,0.973,0.9739,0.9608,0.9853,512.15,completed
2026-06-12 05:48:13,random_search,80/10/10,CNN,8,64,32,5,64,0.2,0.0005,32,10,0.9732,0.0018,0.9732,0.0018,0.973,0.0018,0.9675,0.0036,0.978,0.0004,0.9754,0.9754,0.9754,0.9754,0.9755,0.9748,0.9751,0.9689,0.9807,436.21,completed
2026-06-12 05:48:27,random_search,80/10/10,MLP,1,32,,,256,0.5,0.0005,64,10,0.9686,0.0013,0.9686,0.0013,0.9683,0.0013,0.9665,0.004,0.9703,0.0047,0.9683,0.9686,0.9683,0.9682,0.9697,0.9665,0.9679,0.9482,0.9848,206.13,completed
2026-06-12 05:49:14,random_search,80/10/10,MLP,1,32,,,256,0.5,0.0005,64,10,0.9686,0.0016,0.9686,0.0016,0.9683,0.0016,0.9652,0.0016,0.9714,0.0015,0.9712,0.9712,0.9712,0.9712,0.9708,0.9711,0.9709,0.9694,0.9727,185.83,completed
2026-06-12 05:52:53,random_search,80/10/10,MLP,1,32,,,256,0.5,0.0005,64,10,0.9686,0.0013,0.9686,0.0013,0.9683,0.0013,0.9665,0.004,0.9703,0.0047,0.9683,0.9686,0.9683,0.9682,0.9697,0.9665,0.9679,0.9482,0.9848,279.5,completed
2026-06-12 06:03:21,random_search,80/10/10,MLP,2,128,,,64,0.5,0.0005,32,10,0.9746,0.0004,0.9746,0.0004,0.9744,0.0004,0.9756,0.0041,0.9738,0.0032,0.9767,0.9767,0.9767,0.9767,0.9767,0.9762,0.9765,0.9713,0.9812,894.54,completed
2026-06-12 06:04:14,random_search,80/10/10,MLP,2,128,,,64,0.5,0.0005,32,10,0.9747,0.001,0.9747,0.001,0.9744,0.0009,0.9724,0.0024,0.9766,0.0029,0.9765,0.9765,0.9765,0.9765,0.9767,0.9759,0.9763,0.9692,0.9826,900.57,completed
2026-06-12 06:07:31,random_search,80/10/10,MLP,2,128,,,64,0.5,0.0005,32,10,0.9746,0.0004,0.9746,0.0004,0.9744,0.0004,0.9756,0.0041,0.9738,0.0032,0.9767,0.9767,0.9767,0.9767,0.9767,0.9762,0.9765,0.9713,0.9812,877.94,completed
2026-06-12 06:08:07,random_search,80/10/10,MLP,3,32,,,64,0.3,0.0005,64,10,0.9685,0.0016,0.9685,0.0016,0.9682,0.0017,0.9682,0.0081,0.9688,0.0043,0.9679,0.968,0.9679,0.9679,0.9684,0.9668,0.9675,0.9553,0.9783,232.75,completed
2026-06-12 06:08:10,random_search,80/10/10,MLP,3,32,,,64,0.3,0.0005,64,10,0.9699,0.0014,0.9699,0.0014,0.9696,0.0014,0.9669,0.0047,0.9724,0.0026,0.9709,0.971,0.9709,0.9709,0.9715,0.9699,0.9706,0.9591,0.9807,288.77,completed
2026-06-12 06:10:02,random_search,80/10/10,MLP,3,32,,,64,0.3,0.0005,64,10,0.9699,0.0014,0.9699,0.0014,0.9696,0.0014,0.9669,0.0047,0.9724,0.0026,0.9709,0.971,0.9709,0.9709,0.9715,0.9699,0.9706,0.9591,0.9807,151.46,completed
2026-06-12 06:10:31,random_search,80/10/10,MLP,4,32,,,128,0.3,0.0005,64,10,0.9678,0.0004,0.9678,0.0004,0.9675,0.0004,0.9653,0.0066,0.9698,0.0048,0.9713,0.9714,0.9713,0.9713,0.9721,0.97,0.971,0.957,0.9831,143.79,completed
2026-06-12 06:10:39,random_search,80/10/10,MLP,4,32,,,128,0.3,0.0005,64,10,0.9684,0.0011,0.9684,0.0011,0.9681,0.0011,0.964,0.0041,0.972,0.004,0.9705,0.9705,0.9705,0.9704,0.9708,0.9696,0.9701,0.9603,0.9788,148.82,completed
2026-06-12 06:12:36,random_search,80/10/10,MLP,4,32,,,128,0.3,0.0005,64,10,0.9684,0.0011,0.9684,0.0011,0.9681,0.0011,0.964,0.0041,0.972,0.004,0.9705,0.9705,0.9705,0.9704,0.9708,0.9696,0.9701,0.9603,0.9788,152.98,completed
2026-06-12 06:13:09,random_search,80/10/10,MLP,5,32,,,64,0.3,0.0005,64,10,0.9699,0.0015,0.9699,0.0015,0.9696,0.0015,0.9676,0.0037,0.9717,0.0008,0.9719,0.9719,0.9719,0.9719,0.9724,0.9709,0.9716,0.9603,0.9814,157.74,completed
2026-06-12 06:13:25,random_search,80/10/10,MLP,5,32,,,64,0.3,0.0005,64,10,0.9701,0.0003,0.9701,0.0003,0.9698,0.0003,0.9697,0.0027,0.9704,0.0019,0.9701,0.9702,0.9701,0.9701,0.9706,0.969,0.9697,0.958,0.98,165.98,completed
2026-06-12 06:16:50,random_search,80/10/10,MLP,5,32,,,64,0.3,0.0005,64,10,0.9701,0.0003,0.9701,0.0003,0.9698,0.0003,0.9697,0.0027,0.9704,0.0019,0.9701,0.9702,0.9701,0.9701,0.9706,0.969,0.9697,0.958,0.98,254.36,completed
2026-06-12 06:28:09,random_search,80/10/10,MLP,6,128,,,64,0.3,0.001,32,10,0.9749,0.0009,0.9749,0.0009,0.9747,0.0009,0.9716,0.0046,0.9776,0.0025,0.9767,0.9767,0.9767,0.9767,0.9768,0.9762,0.9765,0.9708,0.9815,900.55,completed
2026-06-12 06:29:13,random_search,80/10/10,MLP,6,128,,,64,0.3,0.001,32,10,0.9737,0.0036,0.9737,0.0036,0.9735,0.0036,0.9739,0.0047,0.9735,0.0101,0.9768,0.9768,0.9768,0.9768,0.9766,0.9766,0.9766,0.9744,0.9788,947.89,completed
2026-06-12 06:31:42,random_search,80/10/10,MLP,6,128,,,64,0.3,0.001,32,10,0.9737,0.0036,0.9737,0.0036,0.9735,0.0036,0.9739,0.0047,0.9735,0.0101,0.9768,0.9768,0.9768,0.9768,0.9766,0.9766,0.9766,0.9744,0.9788,891.9,completed
2026-06-12 06:33:02,random_search,80/10/10,MLP,7,64,,,256,0.3,0.001,64,10,0.9729,0.0011,0.973,0.0011,0.9727,0.0011,0.9715,0.0027,0.9742,0.0024,0.9719,0.9719,0.9719,0.9719,0.9716,0.9717,0.9716,0.9694,0.9739,292.03,completed
2026-06-12 06:33:53,random_search,80/10/10,MLP,7,64,,,256,0.3,0.001,64,10,0.9735,0.0006,0.9735,0.0006,0.9732,0.0007,0.9699,0.0027,0.9764,0.0018,0.9761,0.9762,0.9761,0.9761,0.9763,0.9755,0.9759,0.9689,0.9821,279.66,completed
2026-06-12 06:35:42,random_search,80/10/10,MLP,7,64,,,256,0.3,0.001,64,10,0.9735,0.0006,0.9735,0.0006,0.9732,0.0007,0.9699,0.0027,0.9764,0.0018,0.9761,0.9762,0.9761,0.9761,0.9763,0.9755,0.9759,0.9689,0.9821,240.45,completed
2026-06-12 06:37:59,random_search,80/10/10,MLP,8,32,,,256,0.2,0.0005,32,10,0.9675,0.0016,0.9675,0.0016,0.9672,0.0016,0.9722,0.0068,0.9636,0.0071,0.9725,0.9725,0.9725,0.9725,0.9724,0.9721,0.9723,0.9677,0.9765,297.09,completed
2026-06-12 06:38:44,random_search,80/10/10,MLP,8,32,,,256,0.2,0.0005,32,10,0.9681,0.0018,0.9681,0.0018,0.9678,0.0017,0.9666,0.0067,0.9693,0.0087,0.9718,0.9718,0.9718,0.9718,0.9719,0.9711,0.9715,0.9645,0.9777,290.86,completed
2026-06-12 06:42:46,random_search,80/10/10,MLP,8,32,,,256,0.2,0.0005,32,10,0.9681,0.0018,0.9681,0.0018,0.9678,0.0017,0.9666,0.0067,0.9693,0.0087,0.9718,0.9718,0.9718,0.9718,0.9719,0.9711,0.9715,0.9645,0.9777,423.93,completed
2026-06-12 06:50:30,random_search,70/15/15,CNN,1,128,32,5,128,0.3,0.0005,32,10,0.9744,0.001,0.9744,0.001,0.9742,0.001,0.9706,0.0059,0.9776,0.0061,0.9749,0.9749,0.9749,0.9749,0.9747,0.9747,0.9747,0.9722,0.9772,751.02,completed
2026-06-12 06:51:42,random_search,70/15/15,CNN,1,128,32,5,128,0.3,0.0005,32,10,0.9726,0.0014,0.9726,0.0014,0.9723,0.0015,0.9659,0.0067,0.9781,0.0029,0.9772,0.9772,0.9772,0.9772,0.9774,0.9766,0.977,0.9699,0.9832,778.23,completed
2026-06-12 06:54:44,random_search,70/15/15,CNN,1,128,32,5,128,0.3,0.0005,32,10,0.9726,0.0014,0.9726,0.0014,0.9723,0.0015,0.9659,0.0067,0.9781,0.0029,0.9772,0.9772,0.9772,0.9772,0.9774,0.9766,0.977,0.9699,0.9832,717.33,completed
2026-06-12 06:55:37,random_search,70/15/15,CNN,2,32,128,5,128,0.3,0.001,64,10,0.9706,0.0005,0.9706,0.0005,0.9704,0.0006,0.9695,0.0044,0.9716,0.0028,0.9745,0.9745,0.9745,0.9745,0.9741,0.9744,0.9743,0.9733,0.9755,307.0,completed
2026-06-12 06:55:43,random_search,70/15/15,CNN,2,32,128,5,128,0.3,0.001,64,10,0.9701,0.0014,0.9701,0.0014,0.9698,0.0014,0.9674,0.0039,0.9724,0.004,0.9747,0.9748,0.9747,0.9747,0.9739,0.9752,0.9745,0.9803,0.9701,241.43,completed
2026-06-12 06:58:47,random_search,70/15/15,CNN,2,32,128,5,128,0.3,0.001,64,10,0.9701,0.0014,0.9701,0.0014,0.9698,0.0014,0.9674,0.0039,0.9724,0.004,0.9747,0.9748,0.9747,0.9747,0.9739,0.9752,0.9745,0.9803,0.9701,243.63,completed
2026-06-12 07:01:34,random_search,70/15/15,CNN,3,64,64,5,64,0.2,0.001,32,10,0.9716,0.0005,0.9716,0.0005,0.9713,0.0005,0.9679,0.0013,0.9745,0.002,0.9761,0.9761,0.9761,0.9761,0.9755,0.9763,0.9759,0.9785,0.9741,357.41,completed
2026-06-12 07:02:13,random_search,70/15/15,CNN,3,64,64,5,64,0.2,0.001,32,10,0.972,0.0018,0.972,0.0018,0.9717,0.0018,0.9696,0.0053,0.9739,0.0047,0.9765,0.9765,0.9765,0.9765,0.9758,0.9767,0.9763,0.9793,0.9741,389.35,completed
2026-06-12 07:05:22,random_search,70/15/15,CNN,3,64,64,5,64,0.2,0.001,32,10,0.972,0.0018,0.972,0.0018,0.9717,0.0018,0.9696,0.0053,0.9739,0.0047,0.9765,0.9765,0.9765,0.9765,0.9758,0.9767,0.9763,0.9793,0.9741,394.75,completed
2026-06-12 07:06:53,random_search,70/15/15,CNN,4,64,64,3,128,0.5,0.0005,64,10,0.9743,0.0017,0.9743,0.0017,0.9741,0.0017,0.975,0.0042,0.9738,0.0066,0.9781,0.9782,0.9781,0.9781,0.9774,0.9784,0.9779,0.982,0.9749,318.56,completed
2026-06-12 07:06:58,random_search,70/15/15,CNN,4,64,64,3,128,0.5,0.0005,64,10,0.9739,0.0011,0.9739,0.0011,0.9736,0.0011,0.9695,0.0069,0.9775,0.0064,0.9751,0.9753,0.9751,0.9751,0.9741,0.9758,0.9749,0.9834,0.9682,284.66,completed
2026-06-12 07:12:00,random_search,70/15/15,CNN,4,64,64,3,128,0.5,0.0005,64,10,0.9739,0.0011,0.9739,0.0011,0.9736,0.0011,0.9695,0.0069,0.9775,0.0064,0.9751,0.9753,0.9751,0.9751,0.9741,0.9758,0.9749,0.9834,0.9682,397.19,completed
2026-06-12 07:16:05,random_search,70/15/15,CNN,5,128,128,5,64,0.3,0.001,64,10,0.9736,0.0005,0.9736,0.0005,0.9733,0.0005,0.9674,0.0035,0.9787,0.0022,0.9772,0.9772,0.9772,0.9772,0.9767,0.9773,0.977,0.978,0.9765,547.68,completed
2026-06-12 07:16:16,random_search,70/15/15,CNN,5,128,128,5,64,0.3,0.001,64,10,0.9739,0.0033,0.9739,0.0033,0.9736,0.0033,0.9684,0.0051,0.9784,0.0058,0.977,0.977,0.977,0.977,0.9771,0.9765,0.9768,0.971,0.9819,562.95,completed
2026-06-12 07:20:05,random_search,70/15/15,CNN,5,128,128,5,64,0.3,0.001,64,10,0.9736,0.0005,0.9736,0.0005,0.9733,0.0005,0.9674,0.0035,0.9787,0.0022,0.9772,0.9772,0.9772,0.9772,0.9767,0.9773,0.977,0.978,0.9765,485.09,completed
2026-06-12 07:23:26,random_search,70/15/15,CNN,6,32,128,5,128,0.3,0.0005,32,10,0.9713,0.0006,0.9713,0.0006,0.971,0.0006,0.9675,0.0039,0.9745,0.0035,0.9732,0.9732,0.9732,0.9732,0.9727,0.9732,0.9729,0.9737,0.9727,430.14,completed
2026-06-12 07:23:43,random_search,70/15/15,CNN,6,32,128,5,128,0.3,0.0005,32,10,0.9711,0.0017,0.9711,0.0017,0.9709,0.0017,0.972,0.0059,0.9705,0.0081,0.9753,0.9753,0.9753,0.9753,0.9748,0.9754,0.9751,0.9758,0.9749,457.62,completed
2026-06-12 07:26:54,random_search,70/15/15,CNN,6,32,128,5,128,0.3,0.0005,32,10,0.9711,0.0017,0.9711,0.0017,0.9709,0.0017,0.972,0.0059,0.9705,0.0081,0.9753,0.9753,0.9753,0.9753,0.9748,0.9754,0.9751,0.9758,0.9749,409.4,completed
2026-06-12 07:28:51,random_search,70/15/15,CNN,7,64,128,3,128,0.2,0.0005,64,10,0.9742,0.0008,0.9742,0.0008,0.9739,0.0008,0.9707,0.0069,0.9771,0.0072,0.9765,0.9766,0.9765,0.9765,0.9758,0.9769,0.9763,0.9808,0.973,307.82,completed
2026-06-12 07:29:22,random_search,70/15/15,CNN,7,64,128,3,128,0.2,0.0005,64,10,0.9743,0.0021,0.9743,0.0021,0.974,0.0021,0.9701,0.0044,0.9777,0.0075,0.9778,0.9779,0.9778,0.9779,0.9772,0.9781,0.9777,0.9813,0.975,355.52,completed
2026-06-12 07:32:56,random_search,70/15/15,CNN,7,64,128,3,128,0.2,0.0005,64,10,0.9742,0.0008,0.9742,0.0008,0.9739,0.0008,0.9707,0.0069,0.9771,0.0072,0.9765,0.9766,0.9765,0.9765,0.9758,0.9769,0.9763,0.9808,0.973,361.95,completed
2026-06-12 07:36:07,random_search,70/15/15,CNN,8,64,32,5,64,0.2,0.0005,32,10,0.9719,0.0006,0.9719,0.0006,0.9716,0.0006,0.9654,0.0051,0.9772,0.0045,0.9749,0.975,0.9749,0.9749,0.9741,0.9753,0.9747,0.9801,0.9705,436.03,completed
2026-06-12 07:36:43,random_search,70/15/15,CNN,8,64,32,5,64,0.2,0.0005,32,10,0.9717,0.0009,0.9717,0.0009,0.9714,0.0008,0.9671,0.0059,0.9755,0.0063,0.9754,0.9755,0.9754,0.9755,0.9748,0.9758,0.9752,0.979,0.9725,440.95,completed
2026-06-12 07:38:57,random_search,70/15/15,MLP,1,32,,,256,0.5,0.0005,64,10,0.9662,0.0018,0.9661,0.0019,0.9658,0.0018,0.9598,0.0082,0.9714,0.0083,0.9717,0.9718,0.9717,0.9717,0.9711,0.9719,0.9715,0.974,0.9699,170.37,completed
2026-06-12 07:40:06,random_search,70/15/15,MLP,1,32,,,256,0.5,0.0005,64,10,0.9672,0.0025,0.9671,0.0026,0.9668,0.0026,0.9609,0.0116,0.9723,0.0085,0.9724,0.9724,0.9724,0.9724,0.972,0.9721,0.9721,0.9701,0.9742,203.14,completed
2026-06-12 07:40:26,random_search,70/15/15,CNN,8,64,32,5,64,0.2,0.0005,32,10,0.9719,0.0006,0.9719,0.0006,0.9716,0.0006,0.9654,0.0051,0.9772,0.0045,0.9749,0.975,0.9749,0.9749,0.9741,0.9753,0.9747,0.9801,0.9705,449.58,completed
2026-06-12 07:45:13,random_search,70/15/15,MLP,1,32,,,256,0.5,0.0005,64,10,0.9662,0.0018,0.9661,0.0019,0.9658,0.0018,0.9598,0.0082,0.9714,0.0083,0.9717,0.9718,0.9717,0.9717,0.9711,0.9719,0.9715,0.974,0.9699,287.46,completed
2026-06-12 07:51:57,random_search,70/15/15,MLP,2,128,,,64,0.5,0.0005,32,10,0.9741,0.0017,0.9741,0.0017,0.9738,0.0017,0.9698,0.0049,0.9776,0.0051,0.977,0.9772,0.977,0.977,0.9762,0.9776,0.9768,0.9835,0.9717,779.75,completed
2026-06-12 07:52:52,random_search,70/15/15,MLP,2,128,,,64,0.5,0.0005,32,10,0.9738,0.0016,0.9738,0.0016,0.9735,0.0016,0.9707,0.0036,0.9764,0.0034,0.9766,0.9767,0.9766,0.9767,0.976,0.977,0.9764,0.9803,0.9737,765.35,completed
2026-06-12 07:55:57,random_search,70/15/15,MLP,3,32,,,64,0.3,0.0005,64,10,0.9671,0.0012,0.9671,0.0011,0.9668,0.0011,0.9652,0.0064,0.9686,0.007,0.9742,0.9742,0.9742,0.9742,0.9738,0.9741,0.9739,0.9734,0.9748,240.12,completed
2026-06-12 07:56:34,random_search,70/15/15,MLP,3,32,,,64,0.3,0.0005,64,10,0.9691,0.0026,0.9691,0.0026,0.9688,0.0026,0.9679,0.0034,0.9702,0.002,0.9705,0.9705,0.9705,0.9705,0.9702,0.9701,0.9702,0.9667,0.9735,222.09,completed
2026-06-12 07:56:56,random_search,70/15/15,MLP,2,128,,,64,0.5,0.0005,32,10,0.9741,0.0017,0.9741,0.0017,0.9738,0.0017,0.9698,0.0049,0.9776,0.0051,0.977,0.9772,0.977,0.977,0.9762,0.9776,0.9768,0.9835,0.9717,702.53,completed
2026-06-12 07:58:43,random_search,70/15/15,MLP,4,32,,,128,0.3,0.0005,64,10,0.9676,0.0024,0.9676,0.0024,0.9673,0.0023,0.9606,0.0082,0.9734,0.0105,0.9708,0.9709,0.9708,0.9708,0.9703,0.9709,0.9706,0.9717,0.9701,165.75,completed
2026-06-12 07:59:12,random_search,70/15/15,MLP,4,32,,,128,0.3,0.0005,64,10,0.9675,0.0029,0.9675,0.0029,0.9672,0.0029,0.9644,0.0073,0.97,0.0042,0.971,0.971,0.971,0.971,0.9703,0.9712,0.9707,0.9738,0.9686,157.69,completed
2026-06-12 07:59:29,random_search,70/15/15,MLP,3,32,,,64,0.3,0.0005,64,10,0.9671,0.0012,0.9671,0.0011,0.9668,0.0011,0.9652,0.0064,0.9686,0.007,0.9742,0.9742,0.9742,0.9742,0.9738,0.9741,0.9739,0.9734,0.9748,152.62,completed
2026-06-12 08:01:06,random_search,70/15/15,MLP,5,32,,,64,0.3,0.0005,64,10,0.9686,0.0022,0.9687,0.0023,0.9683,0.0023,0.9644,0.0065,0.9722,0.0042,0.9706,0.9706,0.9706,0.9706,0.9701,0.9705,0.9703,0.9698,0.9712,142.98,completed
2026-06-12 08:02:14,random_search,70/15/15,MLP,4,32,,,128,0.3,0.0005,64,10,0.9676,0.0024,0.9676,0.0024,0.9673,0.0023,0.9606,0.0082,0.9734,0.0105,0.9708,0.9709,0.9708,0.9708,0.9703,0.9709,0.9706,0.9717,0.9701,165.11,completed
2026-06-12 08:02:23,random_search,70/15/15,MLP,5,32,,,64,0.3,0.0005,64,10,0.9686,0.0022,0.9687,0.0022,0.9684,0.0022,0.9652,0.0035,0.9715,0.0037,0.9711,0.9713,0.9711,0.9711,0.9702,0.9716,0.9709,0.9769,0.9663,191.59,completed
2026-06-12 08:07:47,random_search,70/15/15,MLP,5,32,,,64,0.3,0.0005,64,10,0.9686,0.0022,0.9687,0.0023,0.9683,0.0023,0.9644,0.0065,0.9722,0.0042,0.9706,0.9706,0.9706,0.9706,0.9701,0.9705,0.9703,0.9698,0.9712,333.3,completed
2026-06-12 08:10:40,random_search,70/15/15,MLP,6,128,,,64,0.3,0.001,32,10,0.9729,0.0022,0.9729,0.0023,0.9727,0.0022,0.9732,0.0027,0.9727,0.0019,0.9743,0.9744,0.9743,0.9743,0.9737,0.9745,0.9741,0.9765,0.9725,573.49,completed
2026-06-12 08:14:28,random_search,70/15/15,MLP,6,128,,,64,0.3,0.001,32,10,0.9725,0.0016,0.9725,0.0016,0.9722,0.0017,0.9668,0.0055,0.9772,0.0015,0.9773,0.9774,0.9773,0.9773,0.9766,0.9777,0.9771,0.9817,0.9737,724.58,completed
2026-06-12 08:16:40,random_search,70/15/15,MLP,7,64,,,256,0.3,0.001,64,10,0.9724,0.0013,0.9724,0.0013,0.9721,0.0013,0.9661,0.0056,0.9775,0.0067,0.974,0.9741,0.974,0.974,0.9732,0.9745,0.9738,0.9796,0.9694,360.21,completed
2026-06-12 08:17:52,random_search,70/15/15,MLP,6,128,,,64,0.3,0.001,32,10,0.9729,0.0022,0.9729,0.0023,0.9727,0.0022,0.9732,0.0027,0.9727,0.0019,0.9743,0.9744,0.9743,0.9743,0.9737,0.9745,0.9741,0.9765,0.9725,605.0,completed
2026-06-12 08:19:04,random_search,70/15/15,MLP,7,64,,,256,0.3,0.001,64,10,0.9704,0.0019,0.9704,0.0019,0.9702,0.0019,0.9695,0.0076,0.9711,0.0031,0.9741,0.9742,0.9741,0.9741,0.9735,0.9743,0.9739,0.9766,0.972,275.7,completed
2026-06-12 08:21:16,random_search,70/15/15,MLP,7,64,,,256,0.3,0.001,64,10,0.9724,0.0013,0.9724,0.0013,0.9721,0.0013,0.9661,0.0056,0.9775,0.0067,0.974,0.9741,0.974,0.974,0.9732,0.9745,0.9738,0.9796,0.9694,204.04,completed
2026-06-12 08:21:19,random_search,70/15/15,MLP,8,32,,,256,0.2,0.0005,32,10,0.9673,0.0014,0.9673,0.0014,0.967,0.0014,0.9643,0.0057,0.9697,0.0054,0.9718,0.9719,0.9718,0.9719,0.9711,0.9722,0.9716,0.9755,0.9688,278.98,completed
2026-06-12 08:24:13,random_search,70/15/15,MLP,8,32,,,256,0.2,0.0005,32,10,0.9685,0.0008,0.9685,0.0008,0.9682,0.0008,0.9664,0.0085,0.9702,0.0074,0.97,0.97,0.97,0.97,0.9695,0.9698,0.9697,0.9682,0.9714,309.41,completed
2026-06-12 08:28:52,random_search,70/15/15,MLP,8,32,,,256,0.2,0.0005,32,10,0.9673,0.0014,0.9673,0.0014,0.967,0.0014,0.9643,0.0057,0.9697,0.0054,0.9718,0.9719,0.9718,0.9719,0.9711,0.9722,0.9716,0.9755,0.9688,455.57,completed
