timestamp,search_type,split,model,config_id,tfidf_max_features,tfidf_min_df,tfidf_ngram_range,tfidf_sublinear_tf,tfidf_stop_words,chi2_k,rfe_n_features,clf_n_estimators,clf_max_depth,clf_min_samples_split,clf_min_samples_leaf,clf_max_features,clf_bootstrap,clf_C,clf_kernel,clf_gamma,clf_class_weight,use_smote,cv_accuracy_mean,cv_accuracy_std,cv_f1_weighted_mean,cv_f1_weighted_std,cv_f1_macro_mean,cv_f1_macro_std,cv_scam_recall_mean,cv_scam_recall_std,cv_nonscam_recall_mean,cv_nonscam_recall_std,test_accuracy,test_precision_weighted,test_recall_weighted,test_f1_weighted,test_precision_macro,test_recall_macro,test_f1_macro,test_scam_recall,test_nonscam_recall,before_smote_full_train,after_smote_full_train,time_sec,status
2026-06-08 07:05:01,random_search,80/10/10,RandomForest,1,2500,3,"(1, 2)",True,custom,1200,300,100,None,2,5,sqrt,True,,,,None,True,0.9535,0.0012,0.9535,0.0012,0.953,0.0013,0.9501,0.0011,0.9563,0.0019,0.9539,0.9539,0.9539,0.9539,0.9533,0.9536,0.9535,0.9509,0.9563,"{""1"": 38144, ""0"": 46357}","{""1"": 46357, ""0"": 46357}",496.31,completed
2026-06-08 07:12:37,random_search,80/10/10,RandomForest,2,3000,5,"(1, 2)",True,custom,500,400,200,20,2,1,sqrt,True,,,,None,True,0.929,0.0028,0.9292,0.0028,0.9286,0.0028,0.9439,0.0039,0.9169,0.0024,0.9255,0.9265,0.9255,0.9256,0.9241,0.9268,0.9251,0.9402,0.9134,"{""1"": 38144, ""0"": 46357}","{""1"": 46357, ""0"": 46357}",455.92,completed
2026-06-08 07:20:23,random_search,80/10/10,RandomForest,3,2000,5,"(1, 2)",True,custom,900,300,200,30,5,3,sqrt,True,,,,None,True,0.9488,0.0016,0.9488,0.0016,0.9484,0.0016,0.954,0.0019,0.9445,0.0019,0.9467,0.947,0.9467,0.9467,0.9456,0.9471,0.9463,0.9516,0.9427,"{""1"": 38144, ""0"": 46357}","{""1"": 46357, ""0"": 46357}",465.84,completed
2026-06-08 07:27:45,random_search,80/10/10,RandomForest,4,1500,5,"(1, 2)",True,custom,700,400,150,15,10,1,sqrt,True,,,,None,True,0.9204,0.0032,0.9206,0.0031,0.92,0.0032,0.9376,0.0034,0.9063,0.0032,0.9191,0.921,0.9191,0.9192,0.9178,0.9212,0.9187,0.9436,0.8989,"{""1"": 38144, ""0"": 46357}","{""1"": 46357, ""0"": 46357}",442.13,completed
2026-06-08 07:34:41,random_search,80/10/10,RandomForest,5,2000,5,"(1, 2)",True,custom,1200,150,150,15,5,5,sqrt,True,,,,None,True,0.9174,0.0017,0.9176,0.0017,0.9169,0.0017,0.9321,0.0011,0.9053,0.0027,0.9133,0.915,0.9133,0.9134,0.912,0.9151,0.9129,0.9339,0.8963,"{""1"": 38144, ""0"": 46357}","{""1"": 46357, ""0"": 46357}",414.98,completed
2026-06-08 07:41:45,random_search,80/10/10,RandomForest,6,3000,5,"(1, 2)",True,custom,700,400,100,30,5,3,sqrt,True,,,,None,True,0.9478,0.0014,0.9478,0.0014,0.9474,0.0014,0.9549,0.0013,0.942,0.0015,0.9438,0.9442,0.9438,0.9438,0.9425,0.9446,0.9434,0.9528,0.9363,"{""1"": 38144, ""0"": 46357}","{""1"": 46357, ""0"": 46357}",424.32,completed
2026-06-08 07:48:48,random_search,80/10/10,RandomForest,7,1200,3,"(1, 2)",True,custom,900,400,100,15,2,1,sqrt,True,,,,None,True,0.9228,0.0019,0.9229,0.002,0.9223,0.002,0.9409,0.0048,0.9078,0.0015,0.9177,0.9199,0.9177,0.9179,0.9166,0.9201,0.9174,0.944,0.8961,"{""1"": 38144, ""0"": 46357}","{""1"": 46357, ""0"": 46357}",423.25,completed
2026-06-08 07:58:09,random_search,80/10/10,RandomForest,8,1200,5,"(1, 2)",True,custom,1200,400,200,None,10,1,sqrt,True,,,,None,True,0.9627,0.0028,0.9627,0.0028,0.9623,0.0029,0.9546,0.0041,0.9694,0.0028,0.9634,0.9634,0.9634,0.9634,0.9631,0.9629,0.963,0.9585,0.9674,"{""1"": 38144, ""0"": 46357}","{""1"": 46357, ""0"": 46357}",560.53,completed
2026-06-08 08:45:05,random_search,80/10/10,SVM,1,1500,3,"(1, 2)",True,custom,500,200,,None,,,,,0.5,linear,scale,None,True,0.9253,0.0026,0.9254,0.0026,0.9248,0.0026,0.9323,0.005,0.9196,0.0007,0.9226,0.9231,0.9226,0.9226,0.9212,0.9232,0.922,0.9293,0.917,"{""1"": 38144, ""0"": 46357}","{""1"": 46357, ""0"": 46357}",2815.39,completed
2026-06-08 09:44:01,random_search,80/10/10,SVM,2,3000,3,"(1, 2)",True,custom,700,400,,None,,,,,0.3,linear,scale,None,True,0.9401,0.0022,0.9402,0.0022,0.9396,0.0022,0.9419,0.0025,0.9387,0.002,0.9387,0.939,0.9387,0.9388,0.9377,0.9389,0.9383,0.9409,0.937,"{""1"": 38144, ""0"": 46357}","{""1"": 46357, ""0"": 46357}",3536.47,completed
2026-06-08 10:36:14,random_search,80/10/10,SVM,3,2000,3,"(1, 2)",True,custom,900,400,,None,,,,,0.2,linear,scale,None,True,0.9384,0.0019,0.9384,0.0019,0.9379,0.0019,0.9425,0.0029,0.935,0.0024,0.9359,0.9361,0.9359,0.936,0.9348,0.9361,0.9354,0.9377,0.9344,"{""1"": 38144, ""0"": 46357}","{""1"": 46357, ""0"": 46357}",3132.81,completed
2026-06-08 11:17:16,random_search,80/10/10,SVM,4,1500,5,"(1, 2)",True,custom,500,300,,None,,,,,0.5,linear,scale,None,True,0.9342,0.0019,0.9342,0.002,0.9337,0.0019,0.9394,0.0027,0.9299,0.0013,0.933,0.9335,0.933,0.933,0.9317,0.9336,0.9325,0.9404,0.9268,"{""1"": 38144, ""0"": 46357}","{""1"": 46357, ""0"": 46357}",2461.57,completed
2026-06-08 12:09:25,random_search,80/10/10,SVM,5,2500,5,"(1, 2)",True,custom,700,400,,None,,,,,0.3,linear,scale,None,True,0.9405,0.0029,0.9405,0.0029,0.94,0.0029,0.9436,0.0036,0.9379,0.0024,0.9389,0.9391,0.9389,0.939,0.9379,0.939,0.9384,0.94,0.9381,"{""1"": 38144, ""0"": 46357}","{""1"": 46357, ""0"": 46357}",3129.14,completed
2026-06-08 12:47:39,random_search,80/10/10,SVM,6,2000,5,"(1, 2)",True,custom,700,200,,None,,,,,0.2,linear,scale,None,True,0.9224,0.0011,0.9225,0.0012,0.9219,0.0012,0.9282,0.0023,0.9177,0.0008,0.9228,0.9233,0.9228,0.9229,0.9215,0.9233,0.9223,0.9281,0.9186,"{""1"": 38144, ""0"": 46357}","{""1"": 46357, ""0"": 46357}",2294.5,completed
2026-06-08 13:33:12,random_search,80/10/10,SVM,7,1200,5,"(1, 2)",True,custom,500,400,,None,,,,,0.5,linear,scale,None,True,0.9392,0.0025,0.9392,0.0025,0.9387,0.0025,0.9455,0.0025,0.934,0.0029,0.9369,0.9372,0.9369,0.9369,0.9356,0.9374,0.9364,0.9427,0.932,"{""1"": 38144, ""0"": 46357}","{""1"": 46357, ""0"": 46357}",2732.1,completed
2026-06-08 14:03:12,random_search,80/10/10,SVM,8,2000,5,"(1, 2)",True,custom,1200,150,,None,,,,,1.0,linear,scale,None,True,0.9158,0.0042,0.9158,0.0042,0.9151,0.0042,0.9223,0.0049,0.9104,0.0049,0.9104,0.9112,0.9104,0.9106,0.909,0.9112,0.9099,0.919,0.9034,"{""1"": 38144, ""0"": 46357}","{""1"": 46357, ""0"": 46357}",1800.36,completed
2026-06-08 14:07:51,random_search,70/15/15,RandomForest,1,2500,3,"(1, 2)",True,custom,1200,300,100,None,2,5,sqrt,True,,,,None,True,0.9513,0.0005,0.9513,0.0004,0.9508,0.0004,0.9448,0.0097,0.9567,0.0077,0.9544,0.9544,0.9544,0.9543,0.9547,0.9531,0.9539,0.9402,0.9661,"{""1"": 33376, ""0"": 40562}","{""1"": 40562, ""0"": 40562}",279.21,completed
2026-06-08 14:12:08,random_search,70/15/15,RandomForest,2,3000,5,"(1, 2)",True,custom,500,400,200,20,2,1,sqrt,True,,,,None,True,0.9281,0.0017,0.9282,0.0017,0.9277,0.0017,0.9439,0.007,0.9151,0.0029,0.929,0.9299,0.929,0.9291,0.9276,0.9302,0.9286,0.9427,0.9177,"{""1"": 33376, ""0"": 40562}","{""1"": 40562, ""0"": 40562}",256.75,completed
2026-06-08 14:17:16,random_search,70/15/15,RandomForest,3,2000,5,"(1, 2)",True,custom,900,300,200,30,5,3,sqrt,True,,,,None,True,0.9474,0.0008,0.9474,0.0008,0.947,0.0008,0.9527,0.0053,0.943,0.003,0.9476,0.9477,0.9476,0.9476,0.9466,0.9478,0.9471,0.9499,0.9456,"{""1"": 33376, ""0"": 40562}","{""1"": 40562, ""0"": 40562}",307.51,completed
2026-06-08 14:21:33,random_search,70/15/15,RandomForest,4,1500,5,"(1, 2)",True,custom,700,400,150,15,10,1,sqrt,True,,,,None,True,0.9199,0.0016,0.92,0.0016,0.9195,0.0015,0.9392,0.0055,0.9041,0.004,0.9198,0.9211,0.9198,0.9199,0.9184,0.9213,0.9193,0.9374,0.9053,"{""1"": 33376, ""0"": 40562}","{""1"": 40562, ""0"": 40562}",257.65,completed
2026-06-08 14:26:17,random_search,70/15/15,RandomForest,5,2000,5,"(1, 2)",True,custom,1200,150,150,15,5,5,sqrt,True,,,,None,True,0.9142,0.0028,0.9144,0.0028,0.9138,0.0028,0.9322,0.0038,0.8995,0.0032,0.9184,0.9194,0.9184,0.9185,0.917,0.9196,0.9179,0.9318,0.9074,"{""1"": 33376, ""0"": 40562}","{""1"": 40562, ""0"": 40562}",283.69,completed
2026-06-08 14:30:40,random_search,70/15/15,RandomForest,6,3000,5,"(1, 2)",True,custom,700,400,100,30,5,3,sqrt,True,,,,None,True,0.9468,0.0014,0.9469,0.0014,0.9465,0.0015,0.953,0.0049,0.9418,0.0014,0.9464,0.9465,0.9464,0.9464,0.9454,0.9466,0.9459,0.9492,0.944,"{""1"": 33376, ""0"": 40562}","{""1"": 40562, ""0"": 40562}",262.77,completed
2026-06-08 14:35:18,random_search,70/15/15,RandomForest,7,1200,3,"(1, 2)",True,custom,900,400,100,15,2,1,sqrt,True,,,,None,True,0.921,0.0026,0.9212,0.0025,0.9206,0.0025,0.9383,0.0032,0.9069,0.0072,0.9246,0.9256,0.9246,0.9248,0.9232,0.9259,0.9242,0.939,0.9128,"{""1"": 33376, ""0"": 40562}","{""1"": 40562, ""0"": 40562}",278.24,completed
2026-06-08 14:41:10,random_search,70/15/15,RandomForest,8,1200,5,"(1, 2)",True,custom,1200,400,200,None,10,1,sqrt,True,,,,None,True,0.961,0.0005,0.9609,0.0005,0.9606,0.0005,0.9545,0.0039,0.9663,0.0027,0.9612,0.9612,0.9612,0.9612,0.961,0.9606,0.9608,0.9543,0.9669,"{""1"": 33376, ""0"": 40562}","{""1"": 40562, ""0"": 40562}",351.94,completed
2026-06-08 15:07:06,random_search,70/15/15,SVM,1,1500,3,"(1, 2)",True,custom,500,200,,None,,,,,0.5,linear,scale,None,True,0.925,0.0036,0.9251,0.0036,0.9245,0.0036,0.9311,0.0034,0.9201,0.0044,0.9253,0.9255,0.9253,0.9253,0.9241,0.9254,0.9247,0.9263,0.9244,"{""1"": 33376, ""0"": 40562}","{""1"": 40562, ""0"": 40562}",1556.05,completed
2026-06-08 15:55:13,random_search,70/15/15,SVM,2,3000,3,"(1, 2)",True,custom,700,400,,None,,,,,0.3,linear,scale,None,True,0.9401,0.0024,0.9401,0.0024,0.9396,0.0024,0.9417,0.0026,0.9388,0.0044,0.9392,0.9393,0.9392,0.9393,0.9383,0.9391,0.9387,0.9381,0.9402,"{""1"": 33376, ""0"": 40562}","{""1"": 40562, ""0"": 40562}",2886.09,completed
2026-06-08 16:44:23,random_search,70/15/15,SVM,3,2000,3,"(1, 2)",True,custom,900,400,,None,,,,,0.2,linear,scale,None,True,0.9391,0.0013,0.9391,0.0013,0.9386,0.0013,0.941,0.0027,0.9374,0.0027,0.9375,0.9378,0.9375,0.9376,0.9364,0.9378,0.937,0.9403,0.9352,"{""1"": 33376, ""0"": 40562}","{""1"": 40562, ""0"": 40562}",2950.16,completed
2026-06-08 17:17:57,random_search,70/15/15,SVM,4,1500,5,"(1, 2)",True,custom,500,300,,None,,,,,0.5,linear,scale,None,True,0.9347,0.003,0.9347,0.003,0.9342,0.003,0.9399,0.0035,0.9305,0.0037,0.9344,0.9346,0.9344,0.9344,0.9332,0.9346,0.9338,0.9374,0.9319,"{""1"": 33376, ""0"": 40562}","{""1"": 40562, ""0"": 40562}",2013.5,completed
2026-06-08 17:57:51,random_search,70/15/15,SVM,5,2500,5,"(1, 2)",True,custom,700,400,,None,,,,,0.3,linear,scale,None,True,0.9401,0.0024,0.9402,0.0024,0.9397,0.0024,0.9424,0.0037,0.9383,0.004,0.9368,0.9369,0.9368,0.9368,0.9358,0.9367,0.9362,0.9361,0.9373,"{""1"": 33376, ""0"": 40562}","{""1"": 40562, ""0"": 40562}",2392.06,completed
2026-06-08 18:25:34,random_search,70/15/15,SVM,6,2000,5,"(1, 2)",True,custom,700,200,,None,,,,,0.2,linear,scale,None,True,0.9231,0.0036,0.9231,0.0037,0.9225,0.0037,0.927,0.0074,0.9199,0.0028,0.9241,0.9242,0.9241,0.9241,0.923,0.9239,0.9234,0.9224,0.9255,"{""1"": 33376, ""0"": 40562}","{""1"": 40562, ""0"": 40562}",1663.17,completed
2026-06-08 18:58:51,random_search,70/15/15,SVM,7,1200,5,"(1, 2)",True,custom,500,400,,None,,,,,0.5,linear,scale,None,True,0.9392,0.0028,0.9392,0.0029,0.9387,0.0029,0.9457,0.0049,0.9338,0.0033,0.9377,0.938,0.9377,0.9378,0.9365,0.9381,0.9372,0.9427,0.9336,"{""1"": 33376, ""0"": 40562}","{""1"": 40562, ""0"": 40562}",1997.1,completed
2026-06-08 19:25:18,random_search,70/15/15,SVM,8,2000,5,"(1, 2)",True,custom,1200,150,,None,,,,,1.0,linear,scale,None,True,0.9128,0.003,0.9129,0.0029,0.9123,0.003,0.922,0.0041,0.9053,0.0035,0.918,0.9183,0.918,0.918,0.9167,0.9182,0.9173,0.9203,0.916,"{""1"": 33376, ""0"": 40562}","{""1"": 40562, ""0"": 40562}",1586.8,completed
