timestamp,search_type,split,model,config_id,fold,accuracy,precision_weighted,recall_weighted,f1_weighted,precision_macro,recall_macro,f1_macro,scam_recall,nonscam_recall,before_smote,after_smote,time_sec
2026-06-08 06:58:38,random_search,80/10/10,RandomForest,1,1,0.9525,0.9525,0.9525,0.9525,0.9518,0.9522,0.952,0.9501,0.9544,"{""1"": 25429, ""0"": 30905}","{""1"": 30905, ""0"": 30905}",113.2
2026-06-08 07:00:31,random_search,80/10/10,RandomForest,1,2,0.9549,0.9549,0.9549,0.9549,0.9544,0.9546,0.9545,0.9511,0.9581,"{""0"": 30905, ""1"": 25429}","{""0"": 30905, ""1"": 30905}",112.99
2026-06-08 07:02:19,random_search,80/10/10,RandomForest,1,3,0.9531,0.9531,0.9531,0.9531,0.9526,0.9527,0.9526,0.949,0.9564,"{""1"": 25430, ""0"": 30904}","{""1"": 30904, ""0"": 30904}",107.38
2026-06-08 07:06:34,random_search,80/10/10,RandomForest,2,1,0.9265,0.9274,0.9265,0.9267,0.9252,0.9277,0.9261,0.9396,0.9158,"{""1"": 25429, ""0"": 30905}","{""1"": 30905, ""0"": 30905}",92.69
2026-06-08 07:08:35,random_search,80/10/10,RandomForest,2,2,0.932,0.933,0.932,0.9322,0.9307,0.9334,0.9316,0.9471,0.9197,"{""0"": 30905, ""1"": 25429}","{""0"": 30905, ""1"": 30905}",120.47
2026-06-08 07:10:24,random_search,80/10/10,RandomForest,2,3,0.9286,0.9297,0.9286,0.9287,0.9272,0.9301,0.9282,0.9449,0.9152,"{""1"": 25430, ""0"": 30904}","{""1"": 30904, ""0"": 30904}",109.28
2026-06-08 07:14:32,random_search,80/10/10,RandomForest,3,1,0.9472,0.9475,0.9472,0.9472,0.9461,0.9477,0.9468,0.953,0.9423,"{""1"": 25429, ""0"": 30905}","{""1"": 30905, ""0"": 30905}",114.21
2026-06-08 07:16:19,random_search,80/10/10,RandomForest,3,2,0.9504,0.9507,0.9504,0.9504,0.9493,0.9509,0.95,0.9561,0.9457,"{""0"": 30905, ""1"": 25429}","{""0"": 30905, ""1"": 30905}",107.2
2026-06-08 07:17:59,random_search,80/10/10,RandomForest,3,3,0.9487,0.949,0.9487,0.9488,0.9477,0.9491,0.9483,0.9528,0.9454,"{""1"": 25430, ""0"": 30904}","{""1"": 30904, ""0"": 30904}",100.13
2026-06-08 07:22:12,random_search,80/10/10,RandomForest,4,1,0.9171,0.9185,0.9171,0.9173,0.9158,0.9187,0.9167,0.9347,0.9027,"{""1"": 25429, ""0"": 30905}","{""1"": 30905, ""0"": 30905}",108.66
2026-06-08 07:23:57,random_search,80/10/10,RandomForest,4,2,0.9234,0.9247,0.9234,0.9235,0.922,0.925,0.923,0.9413,0.9086,"{""0"": 30905, ""1"": 25429}","{""0"": 30905, ""1"": 30905}",104.51
2026-06-08 07:25:33,random_search,80/10/10,RandomForest,4,3,0.9208,0.922,0.9208,0.9209,0.9194,0.9222,0.9203,0.9368,0.9077,"{""1"": 25430, ""0"": 30904}","{""1"": 30904, ""0"": 30904}",96.53
2026-06-08 07:29:18,random_search,80/10/10,RandomForest,5,1,0.9162,0.9173,0.9162,0.9164,0.9148,0.9175,0.9157,0.9308,0.9042,"{""1"": 25429, ""0"": 30905}","{""1"": 30905, ""0"": 30905}",92.59
2026-06-08 07:30:54,random_search,80/10/10,RandomForest,5,2,0.9194,0.9204,0.9194,0.9195,0.918,0.9206,0.9189,0.9328,0.9084,"{""0"": 30905, ""1"": 25429}","{""0"": 30905, ""1"": 30905}",96.14
2026-06-08 07:32:29,random_search,80/10/10,RandomForest,5,3,0.9166,0.9179,0.9166,0.9168,0.9152,0.9181,0.9162,0.9327,0.9034,"{""1"": 25430, ""0"": 30904}","{""1"": 30904, ""0"": 30904}",94.65
2026-06-08 07:36:20,random_search,80/10/10,RandomForest,6,1,0.947,0.9473,0.947,0.947,0.9458,0.9476,0.9466,0.9545,0.9408,"{""1"": 25429, ""0"": 30905}","{""1"": 30905, ""0"": 30905}",99.61
2026-06-08 07:37:57,random_search,80/10/10,RandomForest,6,2,0.9494,0.9498,0.9494,0.9495,0.9483,0.9501,0.9491,0.9564,0.9437,"{""0"": 30905, ""1"": 25429}","{""0"": 30905, ""1"": 30905}",97.03
2026-06-08 07:39:30,random_search,80/10/10,RandomForest,6,3,0.947,0.9473,0.947,0.947,0.9458,0.9476,0.9466,0.9538,0.9414,"{""1"": 25430, ""0"": 30904}","{""1"": 30904, ""0"": 30904}",93.12
2026-06-08 07:43:16,random_search,80/10/10,RandomForest,7,1,0.921,0.9222,0.921,0.9211,0.9196,0.9225,0.9205,0.9382,0.9068,"{""1"": 25429, ""0"": 30905}","{""1"": 30905, ""0"": 30905}",91.37
2026-06-08 07:44:55,random_search,80/10/10,RandomForest,7,2,0.9248,0.9265,0.9248,0.925,0.9235,0.9268,0.9245,0.9464,0.9071,"{""0"": 30905, ""1"": 25429}","{""0"": 30905, ""1"": 30905}",98.64
2026-06-08 07:46:35,random_search,80/10/10,RandomForest,7,3,0.9225,0.9236,0.9225,0.9226,0.9211,0.9238,0.922,0.9381,0.9096,"{""1"": 25430, ""0"": 30904}","{""1"": 30904, ""0"": 30904}",99.6
2026-06-08 07:50:58,random_search,80/10/10,RandomForest,8,1,0.9603,0.9603,0.9603,0.9603,0.9604,0.9594,0.9598,0.95,0.9687,"{""1"": 25429, ""0"": 30905}","{""1"": 30905, ""0"": 30905}",128.95
2026-06-08 07:53:00,random_search,80/10/10,RandomForest,8,2,0.9658,0.9658,0.9658,0.9658,0.9659,0.9651,0.9655,0.9578,0.9725,"{""0"": 30905, ""1"": 25429}","{""0"": 30905, ""1"": 30905}",122.8
2026-06-08 07:55:16,random_search,80/10/10,RandomForest,8,3,0.962,0.962,0.962,0.962,0.9618,0.9615,0.9617,0.956,0.9671,"{""1"": 25430, ""0"": 30904}","{""1"": 30904, ""0"": 30904}",135.17
2026-06-08 08:08:46,random_search,80/10/10,SVM,1,1,0.9228,0.9232,0.9228,0.9229,0.9215,0.9232,0.9223,0.9276,0.9188,"{""1"": 25429, ""0"": 30905}","{""1"": 30905, ""0"": 30905}",636.7
2026-06-08 08:18:58,random_search,80/10/10,SVM,1,2,0.9279,0.9286,0.9279,0.928,0.9266,0.9288,0.9274,0.9376,0.9199,"{""0"": 30905, ""1"": 25429}","{""0"": 30905, ""1"": 30905}",611.83
2026-06-08 08:28:33,random_search,80/10/10,SVM,1,3,0.9253,0.9258,0.9253,0.9254,0.924,0.9259,0.9248,0.9316,0.9201,"{""1"": 25430, ""0"": 30904}","{""1"": 30904, ""0"": 30904}",575.43
2026-06-08 08:59:59,random_search,80/10/10,SVM,2,1,0.9377,0.9379,0.9377,0.9378,0.9367,0.9378,0.9372,0.939,0.9367,"{""1"": 25429, ""0"": 30905}","{""1"": 30905, ""0"": 30905}",894.77
2026-06-08 09:13:22,random_search,80/10/10,SVM,2,2,0.942,0.9422,0.942,0.9421,0.941,0.9422,0.9415,0.9436,0.9407,"{""0"": 30905, ""1"": 25429}","{""0"": 30905, ""1"": 30905}",802.87
2026-06-08 09:24:48,random_search,80/10/10,SVM,2,3,0.9407,0.9409,0.9407,0.9407,0.9396,0.9409,0.9402,0.9431,0.9387,"{""1"": 25430, ""0"": 30904}","{""1"": 30904, ""0"": 30904}",685.91
2026-06-08 09:55:43,random_search,80/10/10,SVM,3,1,0.9362,0.9364,0.9362,0.9362,0.935,0.9365,0.9357,0.9396,0.9333,"{""1"": 25429, ""0"": 30905}","{""1"": 30905, ""0"": 30905}",701.94
2026-06-08 10:06:51,random_search,80/10/10,SVM,3,2,0.9399,0.9401,0.9399,0.9399,0.9388,0.9401,0.9394,0.9425,0.9377,"{""0"": 30905, ""1"": 25429}","{""0"": 30905, ""1"": 30905}",667.89
2026-06-08 10:17:37,random_search,80/10/10,SVM,3,3,0.939,0.9394,0.939,0.9391,0.9378,0.9396,0.9386,0.9453,0.9339,"{""1"": 25430, ""0"": 30904}","{""1"": 30904, ""0"": 30904}",646.04
2026-06-08 10:44:53,random_search,80/10/10,SVM,4,1,0.9321,0.9324,0.9321,0.9321,0.9309,0.9325,0.9316,0.9364,0.9286,"{""1"": 25429, ""0"": 30905}","{""1"": 30905, ""0"": 30905}",519.05
2026-06-08 10:53:30,random_search,80/10/10,SVM,4,2,0.9359,0.9363,0.9359,0.936,0.9347,0.9364,0.9354,0.9416,0.9312,"{""0"": 30905, ""1"": 25429}","{""0"": 30905, ""1"": 30905}",517.16
2026-06-08 11:02:05,random_search,80/10/10,SVM,4,3,0.9345,0.9349,0.9345,0.9346,0.9333,0.935,0.934,0.9402,0.9298,"{""1"": 25430, ""0"": 30904}","{""1"": 30904, ""0"": 30904}",514.25
2026-06-08 11:27:59,random_search,80/10/10,SVM,5,1,0.9374,0.9376,0.9374,0.9374,0.9363,0.9376,0.9369,0.9396,0.9355,"{""1"": 25429, ""0"": 30905}","{""1"": 30905, ""0"": 30905}",643.2
2026-06-08 11:39:01,random_search,80/10/10,SVM,5,2,0.9431,0.9433,0.9431,0.9431,0.942,0.9434,0.9426,0.9466,0.9402,"{""0"": 30905, ""1"": 25429}","{""0"": 30905, ""1"": 30905}",662.46
2026-06-08 11:50:50,random_search,80/10/10,SVM,5,3,0.9409,0.9411,0.9409,0.9409,0.9398,0.9412,0.9404,0.9445,0.9379,"{""1"": 25430, ""0"": 30904}","{""1"": 30904, ""0"": 30904}",708.89
2026-06-08 12:17:57,random_search,80/10/10,SVM,6,1,0.9214,0.9218,0.9214,0.9214,0.9201,0.9217,0.9208,0.9256,0.9179,"{""1"": 25429, ""0"": 30905}","{""1"": 30905, ""0"": 30905}",511.8
2026-06-08 12:26:00,random_search,80/10/10,SVM,6,2,0.9223,0.9228,0.9223,0.9224,0.9209,0.9229,0.9217,0.929,0.9168,"{""0"": 30905, ""1"": 25429}","{""0"": 30905, ""1"": 30905}",483.39
2026-06-08 12:33:56,random_search,80/10/10,SVM,6,3,0.9236,0.9241,0.9236,0.9237,0.9223,0.9242,0.9231,0.93,0.9183,"{""1"": 25430, ""0"": 30904}","{""1"": 30904, ""0"": 30904}",476.08
2026-06-08 12:57:04,random_search,80/10/10,SVM,7,1,0.9364,0.9368,0.9364,0.9364,0.9352,0.9369,0.9359,0.9427,0.9311,"{""1"": 25429, ""0"": 30905}","{""1"": 30905, ""0"": 30905}",564.86
2026-06-08 13:06:27,random_search,80/10/10,SVM,7,2,0.9411,0.9414,0.9411,0.9411,0.9399,0.9415,0.9406,0.9462,0.9368,"{""0"": 30905, ""1"": 25429}","{""0"": 30905, ""1"": 30905}",562.82
2026-06-08 13:16:21,random_search,80/10/10,SVM,7,3,0.9402,0.9406,0.9402,0.9402,0.939,0.9408,0.9397,0.9476,0.9341,"{""1"": 25430, ""0"": 30904}","{""1"": 30904, ""0"": 30904}",593.66
2026-06-08 13:39:39,random_search,80/10/10,SVM,8,1,0.9115,0.9122,0.9115,0.9116,0.9101,0.9122,0.9109,0.9198,0.9047,"{""1"": 25429, ""0"": 30905}","{""1"": 30905, ""0"": 30905}",386.88
2026-06-08 13:46:03,random_search,80/10/10,SVM,8,2,0.9198,0.9204,0.9198,0.9199,0.9184,0.9205,0.9192,0.928,0.913,"{""0"": 30905, ""1"": 25429}","{""0"": 30905, ""1"": 30905}",384.74
2026-06-08 13:52:07,random_search,80/10/10,SVM,8,3,0.916,0.9164,0.916,0.916,0.9147,0.9162,0.9153,0.9191,0.9134,"{""1"": 25430, ""0"": 30904}","{""1"": 30904, ""0"": 30904}",363.46
2026-06-08 14:04:18,random_search,70/15/15,RandomForest,1,1,0.9518,0.9519,0.9518,0.9518,0.9509,0.9518,0.9513,0.9527,0.951,"{""1"": 22250, ""0"": 27042}","{""1"": 27042, ""0"": 27042}",66.13
2026-06-08 14:05:18,random_search,70/15/15,RandomForest,1,2,0.9512,0.9513,0.9512,0.9512,0.9518,0.9497,0.9507,0.9339,0.9655,"{""1"": 22251, ""0"": 27041}","{""1"": 27041, ""0"": 27041}",60.0
2026-06-08 14:06:13,random_search,70/15/15,RandomForest,1,3,0.9509,0.951,0.9509,0.951,0.9503,0.9507,0.9505,0.9477,0.9536,"{""0"": 27041, ""1"": 22251}","{""0"": 27041, ""1"": 27041}",54.39
2026-06-08 14:08:43,random_search,70/15/15,RandomForest,2,1,0.9292,0.9306,0.9292,0.9293,0.9279,0.931,0.9288,0.9491,0.9128,"{""1"": 22250, ""0"": 27042}","{""1"": 27042, ""0"": 27042}",51.54
2026-06-08 14:09:40,random_search,70/15/15,RandomForest,2,2,0.9262,0.9269,0.9262,0.9263,0.9249,0.9271,0.9257,0.9359,0.9183,"{""1"": 22251, ""0"": 27041}","{""1"": 27041, ""0"": 27041}",57.27
2026-06-08 14:10:39,random_search,70/15/15,RandomForest,2,3,0.9289,0.9301,0.9289,0.929,0.9275,0.9305,0.9285,0.9467,0.9142,"{""0"": 27041, ""1"": 22251}","{""0"": 27041, ""1"": 27041}",59.08
2026-06-08 14:13:13,random_search,70/15/15,RandomForest,3,1,0.9481,0.9485,0.9481,0.9481,0.9469,0.9489,0.9477,0.9571,0.9406,"{""1"": 22250, ""0"": 27042}","{""1"": 27042, ""0"": 27042}",64.48
2026-06-08 14:14:18,random_search,70/15/15,RandomForest,3,2,0.9466,0.9467,0.9466,0.9466,0.9457,0.9466,0.9462,0.9469,0.9464,"{""1"": 22251, ""0"": 27041}","{""1"": 27041, ""0"": 27041}",65.42
2026-06-08 14:15:35,random_search,70/15/15,RandomForest,3,3,0.9475,0.9478,0.9475,0.9475,0.9463,0.9481,0.9471,0.9542,0.9419,"{""0"": 27041, ""1"": 22251}","{""0"": 27041, ""1"": 27041}",76.61
2026-06-08 14:18:11,random_search,70/15/15,RandomForest,4,1,0.9193,0.9212,0.9193,0.9194,0.918,0.9214,0.9189,0.9432,0.8996,"{""1"": 22250, ""0"": 27042}","{""1"": 27042, ""0"": 27042}",55.48
2026-06-08 14:19:09,random_search,70/15/15,RandomForest,4,2,0.9188,0.9198,0.9188,0.9189,0.9174,0.9201,0.9183,0.9329,0.9073,"{""1"": 22251, ""0"": 27041}","{""1"": 27041, ""0"": 27041}",57.42
2026-06-08 14:20:06,random_search,70/15/15,RandomForest,4,3,0.9217,0.9231,0.9217,0.9218,0.9203,0.9234,0.9212,0.9416,0.9053,"{""0"": 27041, ""1"": 22251}","{""0"": 27041, ""1"": 27041}",57.29
2026-06-08 14:22:45,random_search,70/15/15,RandomForest,5,1,0.9148,0.9164,0.9148,0.915,0.9135,0.9166,0.9144,0.9353,0.8979,"{""1"": 22250, ""0"": 27042}","{""1"": 27042, ""0"": 27042}",71.17
2026-06-08 14:23:45,random_search,70/15/15,RandomForest,5,2,0.9112,0.9125,0.9112,0.9113,0.9098,0.9127,0.9107,0.928,0.8973,"{""1"": 22251, ""0"": 27041}","{""1"": 27041, ""0"": 27041}",60.3
2026-06-08 14:24:50,random_search,70/15/15,RandomForest,5,3,0.9167,0.918,0.9167,0.9169,0.9153,0.9182,0.9163,0.9332,0.9032,"{""0"": 27041, ""1"": 22251}","{""0"": 27041, ""1"": 27041}",64.94
2026-06-08 14:27:13,random_search,70/15/15,RandomForest,6,1,0.9474,0.9478,0.9474,0.9475,0.9462,0.9481,0.947,0.9557,0.9406,"{""1"": 22250, ""0"": 27042}","{""1"": 27042, ""0"": 27042}",55.45
2026-06-08 14:28:17,random_search,70/15/15,RandomForest,6,2,0.9452,0.9454,0.9452,0.9453,0.9442,0.9454,0.9448,0.9474,0.9434,"{""1"": 22251, ""0"": 27041}","{""1"": 27041, ""0"": 27041}",64.35
2026-06-08 14:29:17,random_search,70/15/15,RandomForest,6,3,0.9479,0.9483,0.9479,0.948,0.9468,0.9486,0.9476,0.9559,0.9414,"{""0"": 27041, ""1"": 22251}","{""0"": 27041, ""1"": 27041}",59.99
2026-06-08 14:31:41,random_search,70/15/15,RandomForest,7,1,0.9189,0.9208,0.9189,0.9191,0.9177,0.921,0.9185,0.9418,0.9001,"{""1"": 22250, ""0"": 27042}","{""1"": 27042, ""0"": 27042}",60.49
2026-06-08 14:32:55,random_search,70/15/15,RandomForest,7,2,0.9239,0.9247,0.9239,0.924,0.9225,0.925,0.9234,0.9356,0.9144,"{""1"": 22251, ""0"": 27041}","{""1"": 27041, ""0"": 27041}",73.92
2026-06-08 14:33:54,random_search,70/15/15,RandomForest,7,3,0.9202,0.9215,0.9202,0.9204,0.9188,0.9218,0.9198,0.9374,0.9061,"{""0"": 27041, ""1"": 22251}","{""0"": 27041, ""1"": 27041}",59.89
2026-06-08 14:36:28,random_search,70/15/15,RandomForest,8,1,0.9609,0.9609,0.9609,0.9609,0.9605,0.9606,0.9605,0.9574,0.9638,"{""1"": 22250, ""0"": 27042}","{""1"": 27042, ""0"": 27042}",69.6
2026-06-08 14:37:43,random_search,70/15/15,RandomForest,8,2,0.9605,0.9605,0.9605,0.9605,0.9607,0.9596,0.9601,0.9501,0.9691,"{""1"": 22251, ""0"": 27041}","{""1"": 27041, ""0"": 27041}",75.07
2026-06-08 14:39:10,random_search,70/15/15,RandomForest,8,3,0.9615,0.9614,0.9615,0.9614,0.9612,0.961,0.9611,0.9559,0.9661,"{""0"": 27041, ""1"": 22251}","{""0"": 27041, ""1"": 27041}",87.07
2026-06-08 14:46:36,random_search,70/15/15,SVM,1,1,0.9214,0.922,0.9214,0.9215,0.9201,0.9221,0.9209,0.9292,0.9151,"{""1"": 22250, ""0"": 27042}","{""1"": 27042, ""0"": 27042}",325.08
2026-06-08 14:52:09,random_search,70/15/15,SVM,1,2,0.9251,0.9255,0.9251,0.9252,0.9239,0.9255,0.9246,0.9291,0.9219,"{""1"": 22251, ""0"": 27041}","{""1"": 27041, ""0"": 27041}",333.43
2026-06-08 14:57:30,random_search,70/15/15,SVM,1,3,0.9286,0.929,0.9286,0.9287,0.9273,0.9292,0.9281,0.935,0.9233,"{""0"": 27041, ""1"": 22251}","{""0"": 27041, ""1"": 27041}",321.03
2026-06-08 15:15:54,random_search,70/15/15,SVM,2,1,0.9377,0.938,0.9377,0.9377,0.9365,0.9381,0.9372,0.9426,0.9337,"{""1"": 22250, ""0"": 27042}","{""1"": 27042, ""0"": 27042}",527.63
2026-06-08 15:24:59,random_search,70/15/15,SVM,2,2,0.9401,0.9402,0.9401,0.9401,0.9392,0.94,0.9396,0.9388,0.9411,"{""1"": 22251, ""0"": 27041}","{""1"": 27041, ""0"": 27041}",544.81
2026-06-08 15:35:19,random_search,70/15/15,SVM,2,3,0.9425,0.9427,0.9425,0.9425,0.9415,0.9426,0.942,0.9437,0.9415,"{""0"": 27041, ""1"": 22251}","{""0"": 27041, ""1"": 27041}",620.03
2026-06-08 16:06:01,random_search,70/15/15,SVM,3,1,0.9378,0.9381,0.9378,0.9379,0.9367,0.9381,0.9373,0.9418,0.9345,"{""1"": 22250, ""0"": 27042}","{""1"": 27042, ""0"": 27042}",647.63
2026-06-08 16:15:57,random_search,70/15/15,SVM,3,2,0.9391,0.9392,0.9391,0.9391,0.9382,0.939,0.9385,0.938,0.9399,"{""1"": 22251, ""0"": 27041}","{""1"": 27041, ""0"": 27041}",596.11
2026-06-08 16:26:02,random_search,70/15/15,SVM,3,3,0.9404,0.9406,0.9404,0.9404,0.9393,0.9406,0.9399,0.9433,0.9379,"{""0"": 27041, ""1"": 22251}","{""0"": 27041, ""1"": 27041}",605.39
2026-06-08 16:51:38,random_search,70/15/15,SVM,4,1,0.9326,0.933,0.9326,0.9326,0.9313,0.9332,0.9321,0.9399,0.9266,"{""1"": 22250, ""0"": 27042}","{""1"": 27042, ""0"": 27042}",433.96
2026-06-08 16:58:40,random_search,70/15/15,SVM,4,2,0.9334,0.9336,0.9334,0.9334,0.9322,0.9336,0.9329,0.9364,0.9309,"{""1"": 22251, ""0"": 27041}","{""1"": 27041, ""0"": 27041}",422.68
2026-06-08 17:05:45,random_search,70/15/15,SVM,4,3,0.9382,0.9385,0.9382,0.9382,0.937,0.9386,0.9377,0.9433,0.934,"{""0"": 27041, ""1"": 22251}","{""0"": 27041, ""1"": 27041}",424.43
2026-06-08 17:25:39,random_search,70/15/15,SVM,5,1,0.938,0.9384,0.938,0.9381,0.9369,0.9385,0.9376,0.9433,0.9337,"{""1"": 22250, ""0"": 27042}","{""1"": 27042, ""0"": 27042}",460.63
2026-06-08 17:33:22,random_search,70/15/15,SVM,5,2,0.9397,0.9398,0.9397,0.9397,0.9388,0.9396,0.9392,0.9383,0.9408,"{""1"": 22251, ""0"": 27041}","{""1"": 27041, ""0"": 27041}",462.53
2026-06-08 17:42:31,random_search,70/15/15,SVM,5,3,0.9427,0.9429,0.9427,0.9428,0.9417,0.943,0.9423,0.9456,0.9403,"{""0"": 27041, ""1"": 22251}","{""0"": 27041, ""1"": 27041}",549.57
2026-06-08 18:04:24,random_search,70/15/15,SVM,6,1,0.9203,0.9207,0.9203,0.9204,0.919,0.9207,0.9197,0.9247,0.9167,"{""1"": 22250, ""0"": 27042}","{""1"": 27042, ""0"": 27042}",392.58
2026-06-08 18:10:06,random_search,70/15/15,SVM,6,2,0.9217,0.9218,0.9217,0.9217,0.9205,0.9216,0.921,0.921,0.9222,"{""1"": 22251, ""0"": 27041}","{""1"": 27041, ""0"": 27041}",342.21
2026-06-08 18:15:37,random_search,70/15/15,SVM,6,3,0.9272,0.9278,0.9272,0.9273,0.9259,0.928,0.9267,0.9352,0.9207,"{""0"": 27041, ""1"": 22251}","{""0"": 27041, ""1"": 27041}",330.84
2026-06-08 18:32:03,random_search,70/15/15,SVM,7,1,0.9371,0.9376,0.9371,0.9371,0.9358,0.9378,0.9366,0.9456,0.93,"{""1"": 22250, ""0"": 27042}","{""1"": 27042, ""0"": 27042}",389.09
2026-06-08 18:38:55,random_search,70/15/15,SVM,7,2,0.938,0.9383,0.938,0.9381,0.937,0.9383,0.9376,0.9408,0.9358,"{""1"": 22251, ""0"": 27041}","{""1"": 27041, ""0"": 27041}",412.06
2026-06-08 18:45:38,random_search,70/15/15,SVM,7,3,0.9424,0.9429,0.9424,0.9425,0.9412,0.9431,0.942,0.9506,0.9357,"{""0"": 27041, ""1"": 22251}","{""0"": 27041, ""1"": 27041}",402.46
2026-06-08 19:03:59,random_search,70/15/15,SVM,8,1,0.9107,0.9117,0.9107,0.9109,0.9093,0.9117,0.9102,0.9221,0.9014,"{""1"": 22250, ""0"": 27042}","{""1"": 27042, ""0"": 27042}",307.17
2026-06-08 19:09:41,random_search,70/15/15,SVM,8,2,0.9115,0.9121,0.9115,0.9116,0.9101,0.9121,0.9109,0.9178,0.9063,"{""1"": 22251, ""0"": 27041}","{""1"": 27041, ""0"": 27041}",342.46
2026-06-08 19:15:25,random_search,70/15/15,SVM,8,3,0.9162,0.917,0.9162,0.9163,0.9148,0.9171,0.9157,0.926,0.9081,"{""0"": 27041, ""1"": 22251}","{""0"": 27041, ""1"": 27041}",343.57
